<<<<<<<<<< Hello >>>>>>>>>>
Timestamp: [20250509_005747]

<<<<<<<<<< Options >>>>>>>>>>
dataset:[
  train:[
    type: MFQEv2Dataset
    root: /media/hzy/data/Lowdelayyuv/
    gt_folder: train/raw/
    lq_folder: train/QP37/
    gt_path: scc_LD_HAWTgt37.lmdb
    lq_path: scc_LD_HAWTlq37.lmdb
    meta_info_fp: meta_info.txt
    gt_size: 128
    use_flip: True
    use_rot: True
    random_reverse: False
    enlarge_ratio: 300
    num_worker_per_gpu: 6
    batch_size_per_gpu: 16
    ]
  val:[
    type: VideoTestMFQEv2Dataset
    gt_path: eval/DCNraw
    lq_path: eval/DCNQP37
    ]
  test:[
    type: VideoTestMFQEv2Dataset
    gt_path: minitest/raw
    lq_path: minitest/QP37
    ]
  ]
network:[
  radius: 2
  ]
train:[
  exp_name: STM_NM4_LDQP37_1920dataset_enlarge300x
  random_seed: 7
  pre-val: True
  num_iter: 300000.0
  interval_print: 100.0
  interval_val: 5000.0
  pbar_len: 100
  optim:[
    type: Adam
    lr: 0.0001
    betas: [0.9, 0.999]
    eps: 1e-08
    ]
  scheduler:[
    is_on: False
    type: CosineAnnealingRestartLR
    periods: [50000.0, 50000.0, 50000.0, 50000.0, 50000.0, 50000.0]
    restart_weights: [1, 0.5, 0.5, 0.5, 0.5, 0.5]
    eta_min: 1e-07
    ]
  loss:[
    type: CharbonnierLoss
    eps: 1e-06
    ]
  criterion:[
    type: PSNR
    unit: dB
    ]
  rank: 0
  log_path: exp/STM_NM4_LDQP37_1920dataset_enlarge300x/log.log
  checkpoint_save_path_pre: exp/STM_NM4_LDQP37_1920dataset_enlarge300x/ckp_
  num_gpu: 2
  is_dist: True
  ]
test:[
  restore_iter: 300000
  pbar_len: 100
  criterion:[
    type: PSNR
    unit: dB
    ]
  ]
opt_path: option_R3_mfqev2_4G.yml


<<<<<<<<<< Dataloader >>>>>>>>>>
total iters: [300000]
total epochs: [20]
iter per epoch: [15750]
val sequence: [1500]
start from iter: [0]
start from epoch: [0]

<<<<<<<<<< Pre-evaluation >>>>>>>>>>
> ori performance: [33.343] dB

<<<<<<<<<< Training >>>>>>>>>>
iter: [100]/300000, epoch: [0]/19, lr: [1.000]x1e-4, loss: [0.0070]
iter: [200]/300000, epoch: [0]/19, lr: [1.000]x1e-4, loss: [0.0055]
iter: [300]/300000, epoch: [0]/19, lr: [1.000]x1e-4, loss: [0.0044]
iter: [400]/300000, epoch: [0]/19, lr: [1.000]x1e-4, loss: [0.0050]
iter: [500]/300000, epoch: [0]/19, lr: [1.000]x1e-4, loss: [0.0049]
iter: [600]/300000, epoch: [0]/19, lr: [1.000]x1e-4, loss: [0.0058]
iter: [700]/300000, epoch: [0]/19, lr: [1.000]x1e-4, loss: [0.0057]
iter: [800]/300000, epoch: [0]/19, lr: [1.000]x1e-4, loss: [0.0059]
iter: [900]/300000, epoch: [0]/19, lr: [1.000]x1e-4, loss: [0.0065]
iter: [1000]/300000, epoch: [0]/19, lr: [1.000]x1e-4, loss: [0.0073]
iter: [1100]/300000, epoch: [0]/19, lr: [1.000]x1e-4, loss: [0.0059]
iter: [1200]/300000, epoch: [0]/19, lr: [1.000]x1e-4, loss: [0.0067]
iter: [1300]/300000, epoch: [0]/19, lr: [1.000]x1e-4, loss: [0.0067]
iter: [1400]/300000, epoch: [0]/19, lr: [1.000]x1e-4, loss: [0.0045]
iter: [1500]/300000, epoch: [0]/19, lr: [1.000]x1e-4, loss: [0.0073]
iter: [1600]/300000, epoch: [0]/19, lr: [1.000]x1e-4, loss: [0.0076]
iter: [1700]/300000, epoch: [0]/19, lr: [1.000]x1e-4, loss: [0.0071]
iter: [1800]/300000, epoch: [0]/19, lr: [1.000]x1e-4, loss: [0.0059]
iter: [1900]/300000, epoch: [0]/19, lr: [1.000]x1e-4, loss: [0.0043]
iter: [2000]/300000, epoch: [0]/19, lr: [1.000]x1e-4, loss: [0.0064]
iter: [2100]/300000, epoch: [0]/19, lr: [1.000]x1e-4, loss: [0.0073]
iter: [2200]/300000, epoch: [0]/19, lr: [1.000]x1e-4, loss: [0.0046]
iter: [2300]/300000, epoch: [0]/19, lr: [1.000]x1e-4, loss: [0.0069]
iter: [2400]/300000, epoch: [0]/19, lr: [1.000]x1e-4, loss: [0.0042]
iter: [2500]/300000, epoch: [0]/19, lr: [1.000]x1e-4, loss: [0.0051]
iter: [2600]/300000, epoch: [0]/19, lr: [1.000]x1e-4, loss: [0.0058]
iter: [2700]/300000, epoch: [0]/19, lr: [1.000]x1e-4, loss: [0.0062]
iter: [2800]/300000, epoch: [0]/19, lr: [1.000]x1e-4, loss: [0.0069]
iter: [2900]/300000, epoch: [0]/19, lr: [1.000]x1e-4, loss: [0.0058]
iter: [3000]/300000, epoch: [0]/19, lr: [1.000]x1e-4, loss: [0.0051]
iter: [3100]/300000, epoch: [0]/19, lr: [1.000]x1e-4, loss: [0.0066]
iter: [3200]/300000, epoch: [0]/19, lr: [1.000]x1e-4, loss: [0.0055]
iter: [3300]/300000, epoch: [0]/19, lr: [1.000]x1e-4, loss: [0.0084]
iter: [3400]/300000, epoch: [0]/19, lr: [1.000]x1e-4, loss: [0.0081]
iter: [3500]/300000, epoch: [0]/19, lr: [1.000]x1e-4, loss: [0.0060]
iter: [3600]/300000, epoch: [0]/19, lr: [1.000]x1e-4, loss: [0.0045]
iter: [3700]/300000, epoch: [0]/19, lr: [1.000]x1e-4, loss: [0.0037]
iter: [3800]/300000, epoch: [0]/19, lr: [1.000]x1e-4, loss: [0.0055]
iter: [3900]/300000, epoch: [0]/19, lr: [1.000]x1e-4, loss: [0.0073]
iter: [4000]/300000, epoch: [0]/19, lr: [1.000]x1e-4, loss: [0.0078]
iter: [4100]/300000, epoch: [0]/19, lr: [1.000]x1e-4, loss: [0.0047]
iter: [4200]/300000, epoch: [0]/19, lr: [1.000]x1e-4, loss: [0.0050]
iter: [4300]/300000, epoch: [0]/19, lr: [1.000]x1e-4, loss: [0.0056]
iter: [4400]/300000, epoch: [0]/19, lr: [1.000]x1e-4, loss: [0.0058]
iter: [4500]/300000, epoch: [0]/19, lr: [1.000]x1e-4, loss: [0.0060]
iter: [4600]/300000, epoch: [0]/19, lr: [1.000]x1e-4, loss: [0.0064]
iter: [4700]/300000, epoch: [0]/19, lr: [1.000]x1e-4, loss: [0.0070]
iter: [4800]/300000, epoch: [0]/19, lr: [1.000]x1e-4, loss: [0.0059]
iter: [4900]/300000, epoch: [0]/19, lr: [1.000]x1e-4, loss: [0.0041]
iter: [5000]/300000, epoch: [0]/19, lr: [1.000]x1e-4, loss: [0.0074]
iter: [5100]/300000, epoch: [0]/19, lr: [1.000]x1e-4, loss: [0.0052]
iter: [5200]/300000, epoch: [0]/19, lr: [1.000]x1e-4, loss: [0.0087]
iter: [5300]/300000, epoch: [0]/19, lr: [1.000]x1e-4, loss: [0.0044]
iter: [5400]/300000, epoch: [0]/19, lr: [1.000]x1e-4, loss: [0.0079]
iter: [5500]/300000, epoch: [0]/19, lr: [1.000]x1e-4, loss: [0.0058]
iter: [5600]/300000, epoch: [0]/19, lr: [1.000]x1e-4, loss: [0.0064]
iter: [5700]/300000, epoch: [0]/19, lr: [1.000]x1e-4, loss: [0.0052]
iter: [5800]/300000, epoch: [0]/19, lr: [1.000]x1e-4, loss: [0.0060]
iter: [5900]/300000, epoch: [0]/19, lr: [1.000]x1e-4, loss: [0.0075]
iter: [6000]/300000, epoch: [0]/19, lr: [1.000]x1e-4, loss: [0.0064]
iter: [6100]/300000, epoch: [0]/19, lr: [1.000]x1e-4, loss: [0.0086]
iter: [6200]/300000, epoch: [0]/19, lr: [1.000]x1e-4, loss: [0.0046]
iter: [6300]/300000, epoch: [0]/19, lr: [1.000]x1e-4, loss: [0.0063]
iter: [6400]/300000, epoch: [0]/19, lr: [1.000]x1e-4, loss: [0.0064]
iter: [6500]/300000, epoch: [0]/19, lr: [1.000]x1e-4, loss: [0.0067]
iter: [6600]/300000, epoch: [0]/19, lr: [1.000]x1e-4, loss: [0.0066]
iter: [6700]/300000, epoch: [0]/19, lr: [1.000]x1e-4, loss: [0.0072]
iter: [6800]/300000, epoch: [0]/19, lr: [1.000]x1e-4, loss: [0.0052]
iter: [6900]/300000, epoch: [0]/19, lr: [1.000]x1e-4, loss: [0.0065]
iter: [7000]/300000, epoch: [0]/19, lr: [1.000]x1e-4, loss: [0.0053]
iter: [7100]/300000, epoch: [0]/19, lr: [1.000]x1e-4, loss: [0.0053]
iter: [7200]/300000, epoch: [0]/19, lr: [1.000]x1e-4, loss: [0.0087]
iter: [7300]/300000, epoch: [0]/19, lr: [1.000]x1e-4, loss: [0.0051]
iter: [7400]/300000, epoch: [0]/19, lr: [1.000]x1e-4, loss: [0.0065]
iter: [7500]/300000, epoch: [0]/19, lr: [1.000]x1e-4, loss: [0.0067]
iter: [7600]/300000, epoch: [0]/19, lr: [1.000]x1e-4, loss: [0.0064]
iter: [7700]/300000, epoch: [0]/19, lr: [1.000]x1e-4, loss: [0.0055]
iter: [7800]/300000, epoch: [0]/19, lr: [1.000]x1e-4, loss: [0.0058]
iter: [7900]/300000, epoch: [0]/19, lr: [1.000]x1e-4, loss: [0.0064]
iter: [8000]/300000, epoch: [0]/19, lr: [1.000]x1e-4, loss: [0.0076]
iter: [8100]/300000, epoch: [0]/19, lr: [1.000]x1e-4, loss: [0.0053]
iter: [8200]/300000, epoch: [0]/19, lr: [1.000]x1e-4, loss: [0.0069]
iter: [8300]/300000, epoch: [0]/19, lr: [1.000]x1e-4, loss: [0.0071]
iter: [8400]/300000, epoch: [0]/19, lr: [1.000]x1e-4, loss: [0.0054]
iter: [8500]/300000, epoch: [0]/19, lr: [1.000]x1e-4, loss: [0.0053]
iter: [8600]/300000, epoch: [0]/19, lr: [1.000]x1e-4, loss: [0.0055]
iter: [8700]/300000, epoch: [0]/19, lr: [1.000]x1e-4, loss: [0.0045]
iter: [8800]/300000, epoch: [0]/19, lr: [1.000]x1e-4, loss: [0.0056]
iter: [8900]/300000, epoch: [0]/19, lr: [1.000]x1e-4, loss: [0.0070]
iter: [9000]/300000, epoch: [0]/19, lr: [1.000]x1e-4, loss: [0.0063]
iter: [9100]/300000, epoch: [0]/19, lr: [1.000]x1e-4, loss: [0.0059]
iter: [9200]/300000, epoch: [0]/19, lr: [1.000]x1e-4, loss: [0.0048]
iter: [9300]/300000, epoch: [0]/19, lr: [1.000]x1e-4, loss: [0.0046]
iter: [9400]/300000, epoch: [0]/19, lr: [1.000]x1e-4, loss: [0.0077]
iter: [9500]/300000, epoch: [0]/19, lr: [1.000]x1e-4, loss: [0.0056]
iter: [9600]/300000, epoch: [0]/19, lr: [1.000]x1e-4, loss: [0.0049]
iter: [9700]/300000, epoch: [0]/19, lr: [1.000]x1e-4, loss: [0.0045]
iter: [9800]/300000, epoch: [0]/19, lr: [1.000]x1e-4, loss: [0.0066]
iter: [9900]/300000, epoch: [0]/19, lr: [1.000]x1e-4, loss: [0.0058]
iter: [10000]/300000, epoch: [0]/19, lr: [1.000]x1e-4, loss: [0.0062]
iter: [10100]/300000, epoch: [0]/19, lr: [1.000]x1e-4, loss: [0.0071]
iter: [10200]/300000, epoch: [0]/19, lr: [1.000]x1e-4, loss: [0.0084]
iter: [10300]/300000, epoch: [0]/19, lr: [1.000]x1e-4, loss: [0.0093]
iter: [10400]/300000, epoch: [0]/19, lr: [1.000]x1e-4, loss: [0.0091]
iter: [10500]/300000, epoch: [0]/19, lr: [1.000]x1e-4, loss: [0.0088]
iter: [10600]/300000, epoch: [0]/19, lr: [1.000]x1e-4, loss: [0.0047]
iter: [10700]/300000, epoch: [0]/19, lr: [1.000]x1e-4, loss: [0.0056]
iter: [10800]/300000, epoch: [0]/19, lr: [1.000]x1e-4, loss: [0.0059]
iter: [10900]/300000, epoch: [0]/19, lr: [1.000]x1e-4, loss: [0.0059]
iter: [11000]/300000, epoch: [0]/19, lr: [1.000]x1e-4, loss: [0.0052]
iter: [11100]/300000, epoch: [0]/19, lr: [1.000]x1e-4, loss: [0.0086]
iter: [11200]/300000, epoch: [0]/19, lr: [1.000]x1e-4, loss: [0.0060]
iter: [11300]/300000, epoch: [0]/19, lr: [1.000]x1e-4, loss: [0.0033]
iter: [11400]/300000, epoch: [0]/19, lr: [1.000]x1e-4, loss: [0.0061]
iter: [11500]/300000, epoch: [0]/19, lr: [1.000]x1e-4, loss: [0.0071]
iter: [11600]/300000, epoch: [0]/19, lr: [1.000]x1e-4, loss: [0.0052]
iter: [11700]/300000, epoch: [0]/19, lr: [1.000]x1e-4, loss: [0.0074]
iter: [11800]/300000, epoch: [0]/19, lr: [1.000]x1e-4, loss: [0.0094]
iter: [11900]/300000, epoch: [0]/19, lr: [1.000]x1e-4, loss: [0.0046]
iter: [12000]/300000, epoch: [0]/19, lr: [1.000]x1e-4, loss: [0.0070]
iter: [12100]/300000, epoch: [0]/19, lr: [1.000]x1e-4, loss: [0.0072]
iter: [12200]/300000, epoch: [0]/19, lr: [1.000]x1e-4, loss: [0.0089]
iter: [12300]/300000, epoch: [0]/19, lr: [1.000]x1e-4, loss: [0.0077]
iter: [12400]/300000, epoch: [0]/19, lr: [1.000]x1e-4, loss: [0.0089]
iter: [12500]/300000, epoch: [0]/19, lr: [1.000]x1e-4, loss: [0.0062]
iter: [12600]/300000, epoch: [0]/19, lr: [1.000]x1e-4, loss: [0.0068]
iter: [12700]/300000, epoch: [0]/19, lr: [1.000]x1e-4, loss: [0.0050]
iter: [12800]/300000, epoch: [0]/19, lr: [1.000]x1e-4, loss: [0.0061]
iter: [12900]/300000, epoch: [0]/19, lr: [1.000]x1e-4, loss: [0.0051]
iter: [13000]/300000, epoch: [0]/19, lr: [1.000]x1e-4, loss: [0.0057]
iter: [13100]/300000, epoch: [0]/19, lr: [1.000]x1e-4, loss: [0.0046]
iter: [13200]/300000, epoch: [0]/19, lr: [1.000]x1e-4, loss: [0.0066]
iter: [13300]/300000, epoch: [0]/19, lr: [1.000]x1e-4, loss: [0.0043]
iter: [13400]/300000, epoch: [0]/19, lr: [1.000]x1e-4, loss: [0.0073]
iter: [13500]/300000, epoch: [0]/19, lr: [1.000]x1e-4, loss: [0.0055]
iter: [13600]/300000, epoch: [0]/19, lr: [1.000]x1e-4, loss: [0.0048]
iter: [13700]/300000, epoch: [0]/19, lr: [1.000]x1e-4, loss: [0.0064]
iter: [13800]/300000, epoch: [0]/19, lr: [1.000]x1e-4, loss: [0.0042]
iter: [13900]/300000, epoch: [0]/19, lr: [1.000]x1e-4, loss: [0.0051]
iter: [14000]/300000, epoch: [0]/19, lr: [1.000]x1e-4, loss: [0.0112]
iter: [14100]/300000, epoch: [0]/19, lr: [1.000]x1e-4, loss: [0.0071]
iter: [14200]/300000, epoch: [0]/19, lr: [1.000]x1e-4, loss: [0.0062]
iter: [14300]/300000, epoch: [0]/19, lr: [1.000]x1e-4, loss: [0.0051]
iter: [14400]/300000, epoch: [0]/19, lr: [1.000]x1e-4, loss: [0.0062]
iter: [14500]/300000, epoch: [0]/19, lr: [1.000]x1e-4, loss: [0.0058]
iter: [14600]/300000, epoch: [0]/19, lr: [1.000]x1e-4, loss: [0.0062]
iter: [14700]/300000, epoch: [0]/19, lr: [1.000]x1e-4, loss: [0.0073]
iter: [14800]/300000, epoch: [0]/19, lr: [1.000]x1e-4, loss: [0.0067]
iter: [14900]/300000, epoch: [0]/19, lr: [1.000]x1e-4, loss: [0.0051]
iter: [15000]/300000, epoch: [0]/19, lr: [1.000]x1e-4, loss: [0.0058]
iter: [15100]/300000, epoch: [0]/19, lr: [1.000]x1e-4, loss: [0.0045]
iter: [15200]/300000, epoch: [0]/19, lr: [1.000]x1e-4, loss: [0.0067]
iter: [15300]/300000, epoch: [0]/19, lr: [1.000]x1e-4, loss: [0.0057]
iter: [15400]/300000, epoch: [0]/19, lr: [1.000]x1e-4, loss: [0.0050]
iter: [15500]/300000, epoch: [0]/19, lr: [1.000]x1e-4, loss: [0.0066]
iter: [15600]/300000, epoch: [0]/19, lr: [1.000]x1e-4, loss: [0.0064]
iter: [15700]/300000, epoch: [0]/19, lr: [1.000]x1e-4, loss: [0.0097]
iter: [15800]/300000, epoch: [1]/19, lr: [1.000]x1e-4, loss: [0.0054]
iter: [15900]/300000, epoch: [1]/19, lr: [1.000]x1e-4, loss: [0.0055]
iter: [16000]/300000, epoch: [1]/19, lr: [1.000]x1e-4, loss: [0.0065]
iter: [16100]/300000, epoch: [1]/19, lr: [1.000]x1e-4, loss: [0.0052]
iter: [16200]/300000, epoch: [1]/19, lr: [1.000]x1e-4, loss: [0.0071]
iter: [16300]/300000, epoch: [1]/19, lr: [1.000]x1e-4, loss: [0.0058]
iter: [16400]/300000, epoch: [1]/19, lr: [1.000]x1e-4, loss: [0.0062]
iter: [16500]/300000, epoch: [1]/19, lr: [1.000]x1e-4, loss: [0.0062]
iter: [16600]/300000, epoch: [1]/19, lr: [1.000]x1e-4, loss: [0.0036]
iter: [16700]/300000, epoch: [1]/19, lr: [1.000]x1e-4, loss: [0.0060]
iter: [16800]/300000, epoch: [1]/19, lr: [1.000]x1e-4, loss: [0.0060]
iter: [16900]/300000, epoch: [1]/19, lr: [1.000]x1e-4, loss: [0.0041]
iter: [17000]/300000, epoch: [1]/19, lr: [1.000]x1e-4, loss: [0.0079]
iter: [17100]/300000, epoch: [1]/19, lr: [1.000]x1e-4, loss: [0.0071]
iter: [17200]/300000, epoch: [1]/19, lr: [1.000]x1e-4, loss: [0.0041]
iter: [17300]/300000, epoch: [1]/19, lr: [1.000]x1e-4, loss: [0.0035]
iter: [17400]/300000, epoch: [1]/19, lr: [1.000]x1e-4, loss: [0.0038]
iter: [17500]/300000, epoch: [1]/19, lr: [1.000]x1e-4, loss: [0.0049]
iter: [17600]/300000, epoch: [1]/19, lr: [1.000]x1e-4, loss: [0.0061]
iter: [17700]/300000, epoch: [1]/19, lr: [1.000]x1e-4, loss: [0.0048]
iter: [17800]/300000, epoch: [1]/19, lr: [1.000]x1e-4, loss: [0.0060]
iter: [17900]/300000, epoch: [1]/19, lr: [1.000]x1e-4, loss: [0.0043]
iter: [18000]/300000, epoch: [1]/19, lr: [1.000]x1e-4, loss: [0.0072]
iter: [18100]/300000, epoch: [1]/19, lr: [1.000]x1e-4, loss: [0.0053]
iter: [18200]/300000, epoch: [1]/19, lr: [1.000]x1e-4, loss: [0.0072]
iter: [18300]/300000, epoch: [1]/19, lr: [1.000]x1e-4, loss: [0.0066]
iter: [18400]/300000, epoch: [1]/19, lr: [1.000]x1e-4, loss: [0.0050]
iter: [18500]/300000, epoch: [1]/19, lr: [1.000]x1e-4, loss: [0.0043]
iter: [18600]/300000, epoch: [1]/19, lr: [1.000]x1e-4, loss: [0.0071]
iter: [18700]/300000, epoch: [1]/19, lr: [1.000]x1e-4, loss: [0.0062]
iter: [18800]/300000, epoch: [1]/19, lr: [1.000]x1e-4, loss: [0.0058]
iter: [18900]/300000, epoch: [1]/19, lr: [1.000]x1e-4, loss: [0.0060]
iter: [19000]/300000, epoch: [1]/19, lr: [1.000]x1e-4, loss: [0.0044]
iter: [19100]/300000, epoch: [1]/19, lr: [1.000]x1e-4, loss: [0.0052]
iter: [19200]/300000, epoch: [1]/19, lr: [1.000]x1e-4, loss: [0.0044]
iter: [19300]/300000, epoch: [1]/19, lr: [1.000]x1e-4, loss: [0.0037]
iter: [19400]/300000, epoch: [1]/19, lr: [1.000]x1e-4, loss: [0.0033]
iter: [19500]/300000, epoch: [1]/19, lr: [1.000]x1e-4, loss: [0.0056]
iter: [19600]/300000, epoch: [1]/19, lr: [1.000]x1e-4, loss: [0.0060]
iter: [19700]/300000, epoch: [1]/19, lr: [1.000]x1e-4, loss: [0.0066]
iter: [19800]/300000, epoch: [1]/19, lr: [1.000]x1e-4, loss: [0.0052]
iter: [19900]/300000, epoch: [1]/19, lr: [1.000]x1e-4, loss: [0.0073]
iter: [20000]/300000, epoch: [1]/19, lr: [1.000]x1e-4, loss: [0.0043]
iter: [20100]/300000, epoch: [1]/19, lr: [1.000]x1e-4, loss: [0.0057]
iter: [20200]/300000, epoch: [1]/19, lr: [1.000]x1e-4, loss: [0.0057]
iter: [20300]/300000, epoch: [1]/19, lr: [1.000]x1e-4, loss: [0.0063]
iter: [20400]/300000, epoch: [1]/19, lr: [1.000]x1e-4, loss: [0.0048]
iter: [20500]/300000, epoch: [1]/19, lr: [1.000]x1e-4, loss: [0.0074]
iter: [20600]/300000, epoch: [1]/19, lr: [1.000]x1e-4, loss: [0.0064]
iter: [20700]/300000, epoch: [1]/19, lr: [1.000]x1e-4, loss: [0.0041]
iter: [20800]/300000, epoch: [1]/19, lr: [1.000]x1e-4, loss: [0.0071]
iter: [20900]/300000, epoch: [1]/19, lr: [1.000]x1e-4, loss: [0.0034]
iter: [21000]/300000, epoch: [1]/19, lr: [1.000]x1e-4, loss: [0.0054]
iter: [21100]/300000, epoch: [1]/19, lr: [1.000]x1e-4, loss: [0.0051]
iter: [21200]/300000, epoch: [1]/19, lr: [1.000]x1e-4, loss: [0.0041]
iter: [21300]/300000, epoch: [1]/19, lr: [1.000]x1e-4, loss: [0.0040]
iter: [21400]/300000, epoch: [1]/19, lr: [1.000]x1e-4, loss: [0.0043]
iter: [21500]/300000, epoch: [1]/19, lr: [1.000]x1e-4, loss: [0.0071]
iter: [21600]/300000, epoch: [1]/19, lr: [1.000]x1e-4, loss: [0.0039]
iter: [21700]/300000, epoch: [1]/19, lr: [1.000]x1e-4, loss: [0.0070]
iter: [21800]/300000, epoch: [1]/19, lr: [1.000]x1e-4, loss: [0.0044]
iter: [21900]/300000, epoch: [1]/19, lr: [1.000]x1e-4, loss: [0.0039]
iter: [22000]/300000, epoch: [1]/19, lr: [1.000]x1e-4, loss: [0.0036]
iter: [22100]/300000, epoch: [1]/19, lr: [1.000]x1e-4, loss: [0.0059]
iter: [22200]/300000, epoch: [1]/19, lr: [1.000]x1e-4, loss: [0.0062]
iter: [22300]/300000, epoch: [1]/19, lr: [1.000]x1e-4, loss: [0.0050]
iter: [22400]/300000, epoch: [1]/19, lr: [1.000]x1e-4, loss: [0.0041]
iter: [22500]/300000, epoch: [1]/19, lr: [1.000]x1e-4, loss: [0.0058]
iter: [22600]/300000, epoch: [1]/19, lr: [1.000]x1e-4, loss: [0.0048]
iter: [22700]/300000, epoch: [1]/19, lr: [1.000]x1e-4, loss: [0.0050]
iter: [22800]/300000, epoch: [1]/19, lr: [1.000]x1e-4, loss: [0.0041]
iter: [22900]/300000, epoch: [1]/19, lr: [1.000]x1e-4, loss: [0.0045]
iter: [23000]/300000, epoch: [1]/19, lr: [1.000]x1e-4, loss: [0.0061]
iter: [23100]/300000, epoch: [1]/19, lr: [1.000]x1e-4, loss: [0.0044]
iter: [23200]/300000, epoch: [1]/19, lr: [1.000]x1e-4, loss: [0.0048]
iter: [23300]/300000, epoch: [1]/19, lr: [1.000]x1e-4, loss: [0.0082]
iter: [23400]/300000, epoch: [1]/19, lr: [1.000]x1e-4, loss: [0.0055]
iter: [23500]/300000, epoch: [1]/19, lr: [1.000]x1e-4, loss: [0.0071]
iter: [23600]/300000, epoch: [1]/19, lr: [1.000]x1e-4, loss: [0.0048]
iter: [23700]/300000, epoch: [1]/19, lr: [1.000]x1e-4, loss: [0.0063]
iter: [23800]/300000, epoch: [1]/19, lr: [1.000]x1e-4, loss: [0.0062]
iter: [23900]/300000, epoch: [1]/19, lr: [1.000]x1e-4, loss: [0.0073]
iter: [24000]/300000, epoch: [1]/19, lr: [1.000]x1e-4, loss: [0.0045]
iter: [24100]/300000, epoch: [1]/19, lr: [1.000]x1e-4, loss: [0.0065]
iter: [24200]/300000, epoch: [1]/19, lr: [1.000]x1e-4, loss: [0.0057]
iter: [24300]/300000, epoch: [1]/19, lr: [1.000]x1e-4, loss: [0.0057]
iter: [24400]/300000, epoch: [1]/19, lr: [1.000]x1e-4, loss: [0.0055]
iter: [24500]/300000, epoch: [1]/19, lr: [1.000]x1e-4, loss: [0.0055]
iter: [24600]/300000, epoch: [1]/19, lr: [1.000]x1e-4, loss: [0.0062]
iter: [24700]/300000, epoch: [1]/19, lr: [1.000]x1e-4, loss: [0.0051]
iter: [24800]/300000, epoch: [1]/19, lr: [1.000]x1e-4, loss: [0.0050]
iter: [24900]/300000, epoch: [1]/19, lr: [1.000]x1e-4, loss: [0.0048]
iter: [25000]/300000, epoch: [1]/19, lr: [1.000]x1e-4, loss: [0.0051]
iter: [25100]/300000, epoch: [1]/19, lr: [1.000]x1e-4, loss: [0.0049]
iter: [25200]/300000, epoch: [1]/19, lr: [1.000]x1e-4, loss: [0.0059]
iter: [25300]/300000, epoch: [1]/19, lr: [1.000]x1e-4, loss: [0.0043]
iter: [25400]/300000, epoch: [1]/19, lr: [1.000]x1e-4, loss: [0.0066]
iter: [25500]/300000, epoch: [1]/19, lr: [1.000]x1e-4, loss: [0.0042]
iter: [25600]/300000, epoch: [1]/19, lr: [1.000]x1e-4, loss: [0.0054]
iter: [25700]/300000, epoch: [1]/19, lr: [1.000]x1e-4, loss: [0.0044]
iter: [25800]/300000, epoch: [1]/19, lr: [1.000]x1e-4, loss: [0.0072]
iter: [25900]/300000, epoch: [1]/19, lr: [1.000]x1e-4, loss: [0.0079]
iter: [26000]/300000, epoch: [1]/19, lr: [1.000]x1e-4, loss: [0.0060]
iter: [26100]/300000, epoch: [1]/19, lr: [1.000]x1e-4, loss: [0.0067]
iter: [26200]/300000, epoch: [1]/19, lr: [1.000]x1e-4, loss: [0.0062]
iter: [26300]/300000, epoch: [1]/19, lr: [1.000]x1e-4, loss: [0.0067]
iter: [26400]/300000, epoch: [1]/19, lr: [1.000]x1e-4, loss: [0.0060]
iter: [26500]/300000, epoch: [1]/19, lr: [1.000]x1e-4, loss: [0.0039]
iter: [26600]/300000, epoch: [1]/19, lr: [1.000]x1e-4, loss: [0.0056]
iter: [26700]/300000, epoch: [1]/19, lr: [1.000]x1e-4, loss: [0.0058]
iter: [26800]/300000, epoch: [1]/19, lr: [1.000]x1e-4, loss: [0.0041]
iter: [26900]/300000, epoch: [1]/19, lr: [1.000]x1e-4, loss: [0.0063]
iter: [27000]/300000, epoch: [1]/19, lr: [1.000]x1e-4, loss: [0.0042]
iter: [27100]/300000, epoch: [1]/19, lr: [1.000]x1e-4, loss: [0.0053]
iter: [27200]/300000, epoch: [1]/19, lr: [1.000]x1e-4, loss: [0.0058]
iter: [27300]/300000, epoch: [1]/19, lr: [1.000]x1e-4, loss: [0.0043]
iter: [27400]/300000, epoch: [1]/19, lr: [1.000]x1e-4, loss: [0.0064]
iter: [27500]/300000, epoch: [1]/19, lr: [1.000]x1e-4, loss: [0.0058]
iter: [27600]/300000, epoch: [1]/19, lr: [1.000]x1e-4, loss: [0.0058]
iter: [27700]/300000, epoch: [1]/19, lr: [1.000]x1e-4, loss: [0.0055]
iter: [27800]/300000, epoch: [1]/19, lr: [1.000]x1e-4, loss: [0.0050]
iter: [27900]/300000, epoch: [1]/19, lr: [1.000]x1e-4, loss: [0.0045]
iter: [28000]/300000, epoch: [1]/19, lr: [1.000]x1e-4, loss: [0.0064]
iter: [28100]/300000, epoch: [1]/19, lr: [1.000]x1e-4, loss: [0.0077]
iter: [28200]/300000, epoch: [1]/19, lr: [1.000]x1e-4, loss: [0.0056]
iter: [28300]/300000, epoch: [1]/19, lr: [1.000]x1e-4, loss: [0.0050]
iter: [28400]/300000, epoch: [1]/19, lr: [1.000]x1e-4, loss: [0.0085]
iter: [28500]/300000, epoch: [1]/19, lr: [1.000]x1e-4, loss: [0.0062]
iter: [28600]/300000, epoch: [1]/19, lr: [1.000]x1e-4, loss: [0.0062]
iter: [28700]/300000, epoch: [1]/19, lr: [1.000]x1e-4, loss: [0.0045]
iter: [28800]/300000, epoch: [1]/19, lr: [1.000]x1e-4, loss: [0.0074]
iter: [28900]/300000, epoch: [1]/19, lr: [1.000]x1e-4, loss: [0.0057]
iter: [29000]/300000, epoch: [1]/19, lr: [1.000]x1e-4, loss: [0.0057]
iter: [29100]/300000, epoch: [1]/19, lr: [1.000]x1e-4, loss: [0.0027]
iter: [29200]/300000, epoch: [1]/19, lr: [1.000]x1e-4, loss: [0.0030]
iter: [29300]/300000, epoch: [1]/19, lr: [1.000]x1e-4, loss: [0.0055]
iter: [29400]/300000, epoch: [1]/19, lr: [1.000]x1e-4, loss: [0.0066]
iter: [29500]/300000, epoch: [1]/19, lr: [1.000]x1e-4, loss: [0.0057]
iter: [29600]/300000, epoch: [1]/19, lr: [1.000]x1e-4, loss: [0.0044]
iter: [29700]/300000, epoch: [1]/19, lr: [1.000]x1e-4, loss: [0.0046]
iter: [29800]/300000, epoch: [1]/19, lr: [1.000]x1e-4, loss: [0.0050]
iter: [29900]/300000, epoch: [1]/19, lr: [1.000]x1e-4, loss: [0.0047]
iter: [30000]/300000, epoch: [1]/19, lr: [1.000]x1e-4, loss: [0.0063]
iter: [30100]/300000, epoch: [1]/19, lr: [1.000]x1e-4, loss: [0.0050]
iter: [30200]/300000, epoch: [1]/19, lr: [1.000]x1e-4, loss: [0.0053]
iter: [30300]/300000, epoch: [1]/19, lr: [1.000]x1e-4, loss: [0.0070]
iter: [30400]/300000, epoch: [1]/19, lr: [1.000]x1e-4, loss: [0.0063]
iter: [30500]/300000, epoch: [1]/19, lr: [1.000]x1e-4, loss: [0.0065]
iter: [30600]/300000, epoch: [1]/19, lr: [1.000]x1e-4, loss: [0.0070]
iter: [30700]/300000, epoch: [1]/19, lr: [1.000]x1e-4, loss: [0.0057]
iter: [30800]/300000, epoch: [1]/19, lr: [1.000]x1e-4, loss: [0.0057]
iter: [30900]/300000, epoch: [1]/19, lr: [1.000]x1e-4, loss: [0.0035]
iter: [31000]/300000, epoch: [1]/19, lr: [1.000]x1e-4, loss: [0.0053]
iter: [31100]/300000, epoch: [1]/19, lr: [1.000]x1e-4, loss: [0.0057]
iter: [31200]/300000, epoch: [1]/19, lr: [1.000]x1e-4, loss: [0.0043]
iter: [31300]/300000, epoch: [1]/19, lr: [1.000]x1e-4, loss: [0.0041]
iter: [31400]/300000, epoch: [1]/19, lr: [1.000]x1e-4, loss: [0.0052]
iter: [31500]/300000, epoch: [1]/19, lr: [1.000]x1e-4, loss: [0.0066]
iter: [31600]/300000, epoch: [2]/19, lr: [1.000]x1e-4, loss: [0.0063]
iter: [31700]/300000, epoch: [2]/19, lr: [1.000]x1e-4, loss: [0.0061]
iter: [31800]/300000, epoch: [2]/19, lr: [1.000]x1e-4, loss: [0.0040]
iter: [31900]/300000, epoch: [2]/19, lr: [1.000]x1e-4, loss: [0.0073]
iter: [32000]/300000, epoch: [2]/19, lr: [1.000]x1e-4, loss: [0.0053]
iter: [32100]/300000, epoch: [2]/19, lr: [1.000]x1e-4, loss: [0.0067]
iter: [32200]/300000, epoch: [2]/19, lr: [1.000]x1e-4, loss: [0.0053]
iter: [32300]/300000, epoch: [2]/19, lr: [1.000]x1e-4, loss: [0.0053]
iter: [32400]/300000, epoch: [2]/19, lr: [1.000]x1e-4, loss: [0.0037]
iter: [32500]/300000, epoch: [2]/19, lr: [1.000]x1e-4, loss: [0.0057]
iter: [32600]/300000, epoch: [2]/19, lr: [1.000]x1e-4, loss: [0.0037]
iter: [32700]/300000, epoch: [2]/19, lr: [1.000]x1e-4, loss: [0.0063]
iter: [32800]/300000, epoch: [2]/19, lr: [1.000]x1e-4, loss: [0.0060]
iter: [32900]/300000, epoch: [2]/19, lr: [1.000]x1e-4, loss: [0.0071]
iter: [33000]/300000, epoch: [2]/19, lr: [1.000]x1e-4, loss: [0.0046]
iter: [33100]/300000, epoch: [2]/19, lr: [1.000]x1e-4, loss: [0.0054]
iter: [33200]/300000, epoch: [2]/19, lr: [1.000]x1e-4, loss: [0.0067]
iter: [33300]/300000, epoch: [2]/19, lr: [1.000]x1e-4, loss: [0.0073]
iter: [33400]/300000, epoch: [2]/19, lr: [1.000]x1e-4, loss: [0.0053]
iter: [33500]/300000, epoch: [2]/19, lr: [1.000]x1e-4, loss: [0.0042]
iter: [33600]/300000, epoch: [2]/19, lr: [1.000]x1e-4, loss: [0.0051]
iter: [33700]/300000, epoch: [2]/19, lr: [1.000]x1e-4, loss: [0.0054]
iter: [33800]/300000, epoch: [2]/19, lr: [1.000]x1e-4, loss: [0.0067]
iter: [33900]/300000, epoch: [2]/19, lr: [1.000]x1e-4, loss: [0.0073]
iter: [34000]/300000, epoch: [2]/19, lr: [1.000]x1e-4, loss: [0.0033]
iter: [34100]/300000, epoch: [2]/19, lr: [1.000]x1e-4, loss: [0.0038]
iter: [34200]/300000, epoch: [2]/19, lr: [1.000]x1e-4, loss: [0.0063]
iter: [34300]/300000, epoch: [2]/19, lr: [1.000]x1e-4, loss: [0.0045]
iter: [34400]/300000, epoch: [2]/19, lr: [1.000]x1e-4, loss: [0.0051]
iter: [34500]/300000, epoch: [2]/19, lr: [1.000]x1e-4, loss: [0.0064]
iter: [34600]/300000, epoch: [2]/19, lr: [1.000]x1e-4, loss: [0.0054]
iter: [34700]/300000, epoch: [2]/19, lr: [1.000]x1e-4, loss: [0.0041]
iter: [34800]/300000, epoch: [2]/19, lr: [1.000]x1e-4, loss: [0.0040]
iter: [34900]/300000, epoch: [2]/19, lr: [1.000]x1e-4, loss: [0.0039]
iter: [35000]/300000, epoch: [2]/19, lr: [1.000]x1e-4, loss: [0.0054]
iter: [35100]/300000, epoch: [2]/19, lr: [1.000]x1e-4, loss: [0.0044]
iter: [35200]/300000, epoch: [2]/19, lr: [1.000]x1e-4, loss: [0.0072]
iter: [35300]/300000, epoch: [2]/19, lr: [1.000]x1e-4, loss: [0.0031]
iter: [35400]/300000, epoch: [2]/19, lr: [1.000]x1e-4, loss: [0.0051]
iter: [35500]/300000, epoch: [2]/19, lr: [1.000]x1e-4, loss: [0.0048]
iter: [35600]/300000, epoch: [2]/19, lr: [1.000]x1e-4, loss: [0.0054]
iter: [35700]/300000, epoch: [2]/19, lr: [1.000]x1e-4, loss: [0.0054]
iter: [35800]/300000, epoch: [2]/19, lr: [1.000]x1e-4, loss: [0.0058]
iter: [35900]/300000, epoch: [2]/19, lr: [1.000]x1e-4, loss: [0.0059]
iter: [36000]/300000, epoch: [2]/19, lr: [1.000]x1e-4, loss: [0.0040]
iter: [36100]/300000, epoch: [2]/19, lr: [1.000]x1e-4, loss: [0.0053]
iter: [36200]/300000, epoch: [2]/19, lr: [1.000]x1e-4, loss: [0.0090]
iter: [36300]/300000, epoch: [2]/19, lr: [1.000]x1e-4, loss: [0.0072]
iter: [36400]/300000, epoch: [2]/19, lr: [1.000]x1e-4, loss: [0.0038]
iter: [36500]/300000, epoch: [2]/19, lr: [1.000]x1e-4, loss: [0.0053]
iter: [36600]/300000, epoch: [2]/19, lr: [1.000]x1e-4, loss: [0.0047]
iter: [36700]/300000, epoch: [2]/19, lr: [1.000]x1e-4, loss: [0.0052]
iter: [36800]/300000, epoch: [2]/19, lr: [1.000]x1e-4, loss: [0.0054]
iter: [36900]/300000, epoch: [2]/19, lr: [1.000]x1e-4, loss: [0.0052]
iter: [37000]/300000, epoch: [2]/19, lr: [1.000]x1e-4, loss: [0.0050]
iter: [37100]/300000, epoch: [2]/19, lr: [1.000]x1e-4, loss: [0.0052]
iter: [37200]/300000, epoch: [2]/19, lr: [1.000]x1e-4, loss: [0.0034]
iter: [37300]/300000, epoch: [2]/19, lr: [1.000]x1e-4, loss: [0.0043]
iter: [37400]/300000, epoch: [2]/19, lr: [1.000]x1e-4, loss: [0.0058]
iter: [37500]/300000, epoch: [2]/19, lr: [1.000]x1e-4, loss: [0.0062]
iter: [37600]/300000, epoch: [2]/19, lr: [1.000]x1e-4, loss: [0.0076]
iter: [37700]/300000, epoch: [2]/19, lr: [1.000]x1e-4, loss: [0.0064]
iter: [37800]/300000, epoch: [2]/19, lr: [1.000]x1e-4, loss: [0.0035]
iter: [37900]/300000, epoch: [2]/19, lr: [1.000]x1e-4, loss: [0.0025]
iter: [38000]/300000, epoch: [2]/19, lr: [1.000]x1e-4, loss: [0.0071]
iter: [38100]/300000, epoch: [2]/19, lr: [1.000]x1e-4, loss: [0.0031]
iter: [38200]/300000, epoch: [2]/19, lr: [1.000]x1e-4, loss: [0.0054]
iter: [38300]/300000, epoch: [2]/19, lr: [1.000]x1e-4, loss: [0.0061]
iter: [38400]/300000, epoch: [2]/19, lr: [1.000]x1e-4, loss: [0.0102]
iter: [38500]/300000, epoch: [2]/19, lr: [1.000]x1e-4, loss: [0.0075]
iter: [38600]/300000, epoch: [2]/19, lr: [1.000]x1e-4, loss: [0.0055]
iter: [38700]/300000, epoch: [2]/19, lr: [1.000]x1e-4, loss: [0.0061]
iter: [38800]/300000, epoch: [2]/19, lr: [1.000]x1e-4, loss: [0.0064]
iter: [38900]/300000, epoch: [2]/19, lr: [1.000]x1e-4, loss: [0.0055]
iter: [39000]/300000, epoch: [2]/19, lr: [1.000]x1e-4, loss: [0.0090]
iter: [39100]/300000, epoch: [2]/19, lr: [1.000]x1e-4, loss: [0.0057]
iter: [39200]/300000, epoch: [2]/19, lr: [1.000]x1e-4, loss: [0.0041]
iter: [39300]/300000, epoch: [2]/19, lr: [1.000]x1e-4, loss: [0.0049]
iter: [39400]/300000, epoch: [2]/19, lr: [1.000]x1e-4, loss: [0.0050]
iter: [39500]/300000, epoch: [2]/19, lr: [1.000]x1e-4, loss: [0.0052]
iter: [39600]/300000, epoch: [2]/19, lr: [1.000]x1e-4, loss: [0.0057]
iter: [39700]/300000, epoch: [2]/19, lr: [1.000]x1e-4, loss: [0.0059]
iter: [39800]/300000, epoch: [2]/19, lr: [1.000]x1e-4, loss: [0.0057]
iter: [39900]/300000, epoch: [2]/19, lr: [1.000]x1e-4, loss: [0.0028]
iter: [40000]/300000, epoch: [2]/19, lr: [1.000]x1e-4, loss: [0.0046]
iter: [40100]/300000, epoch: [2]/19, lr: [1.000]x1e-4, loss: [0.0051]
iter: [40200]/300000, epoch: [2]/19, lr: [1.000]x1e-4, loss: [0.0065]
iter: [40300]/300000, epoch: [2]/19, lr: [1.000]x1e-4, loss: [0.0072]
iter: [40400]/300000, epoch: [2]/19, lr: [1.000]x1e-4, loss: [0.0067]
iter: [40500]/300000, epoch: [2]/19, lr: [1.000]x1e-4, loss: [0.0061]
iter: [40600]/300000, epoch: [2]/19, lr: [1.000]x1e-4, loss: [0.0039]
iter: [40700]/300000, epoch: [2]/19, lr: [1.000]x1e-4, loss: [0.0067]
iter: [40800]/300000, epoch: [2]/19, lr: [1.000]x1e-4, loss: [0.0029]
iter: [40900]/300000, epoch: [2]/19, lr: [1.000]x1e-4, loss: [0.0060]
iter: [41000]/300000, epoch: [2]/19, lr: [1.000]x1e-4, loss: [0.0033]
iter: [41100]/300000, epoch: [2]/19, lr: [1.000]x1e-4, loss: [0.0045]
iter: [41200]/300000, epoch: [2]/19, lr: [1.000]x1e-4, loss: [0.0035]
iter: [41300]/300000, epoch: [2]/19, lr: [1.000]x1e-4, loss: [0.0049]
iter: [41400]/300000, epoch: [2]/19, lr: [1.000]x1e-4, loss: [0.0051]
iter: [41500]/300000, epoch: [2]/19, lr: [1.000]x1e-4, loss: [0.0110]
iter: [41600]/300000, epoch: [2]/19, lr: [1.000]x1e-4, loss: [0.0051]
iter: [41700]/300000, epoch: [2]/19, lr: [1.000]x1e-4, loss: [0.0050]
iter: [41800]/300000, epoch: [2]/19, lr: [1.000]x1e-4, loss: [0.0056]
iter: [41900]/300000, epoch: [2]/19, lr: [1.000]x1e-4, loss: [0.0043]
iter: [42000]/300000, epoch: [2]/19, lr: [1.000]x1e-4, loss: [0.0066]
iter: [42100]/300000, epoch: [2]/19, lr: [1.000]x1e-4, loss: [0.0052]
iter: [42200]/300000, epoch: [2]/19, lr: [1.000]x1e-4, loss: [0.0069]
iter: [42300]/300000, epoch: [2]/19, lr: [1.000]x1e-4, loss: [0.0042]
iter: [42400]/300000, epoch: [2]/19, lr: [1.000]x1e-4, loss: [0.0036]
iter: [42500]/300000, epoch: [2]/19, lr: [1.000]x1e-4, loss: [0.0063]
iter: [42600]/300000, epoch: [2]/19, lr: [1.000]x1e-4, loss: [0.0044]
iter: [42700]/300000, epoch: [2]/19, lr: [1.000]x1e-4, loss: [0.0053]
iter: [42800]/300000, epoch: [2]/19, lr: [1.000]x1e-4, loss: [0.0054]
iter: [42900]/300000, epoch: [2]/19, lr: [1.000]x1e-4, loss: [0.0039]
iter: [43000]/300000, epoch: [2]/19, lr: [1.000]x1e-4, loss: [0.0057]
iter: [43100]/300000, epoch: [2]/19, lr: [1.000]x1e-4, loss: [0.0048]
iter: [43200]/300000, epoch: [2]/19, lr: [1.000]x1e-4, loss: [0.0072]
iter: [43300]/300000, epoch: [2]/19, lr: [1.000]x1e-4, loss: [0.0050]
iter: [43400]/300000, epoch: [2]/19, lr: [1.000]x1e-4, loss: [0.0056]
iter: [43500]/300000, epoch: [2]/19, lr: [1.000]x1e-4, loss: [0.0066]
iter: [43600]/300000, epoch: [2]/19, lr: [1.000]x1e-4, loss: [0.0070]
iter: [43700]/300000, epoch: [2]/19, lr: [1.000]x1e-4, loss: [0.0050]
iter: [43800]/300000, epoch: [2]/19, lr: [1.000]x1e-4, loss: [0.0039]
iter: [43900]/300000, epoch: [2]/19, lr: [1.000]x1e-4, loss: [0.0060]
iter: [44000]/300000, epoch: [2]/19, lr: [1.000]x1e-4, loss: [0.0088]
iter: [44100]/300000, epoch: [2]/19, lr: [1.000]x1e-4, loss: [0.0049]
iter: [44200]/300000, epoch: [2]/19, lr: [1.000]x1e-4, loss: [0.0067]
iter: [44300]/300000, epoch: [2]/19, lr: [1.000]x1e-4, loss: [0.0060]
iter: [44400]/300000, epoch: [2]/19, lr: [1.000]x1e-4, loss: [0.0057]
iter: [44500]/300000, epoch: [2]/19, lr: [1.000]x1e-4, loss: [0.0044]
iter: [44600]/300000, epoch: [2]/19, lr: [1.000]x1e-4, loss: [0.0063]
iter: [44700]/300000, epoch: [2]/19, lr: [1.000]x1e-4, loss: [0.0074]
iter: [44800]/300000, epoch: [2]/19, lr: [1.000]x1e-4, loss: [0.0049]
iter: [44900]/300000, epoch: [2]/19, lr: [1.000]x1e-4, loss: [0.0062]
iter: [45000]/300000, epoch: [2]/19, lr: [1.000]x1e-4, loss: [0.0060]
iter: [45100]/300000, epoch: [2]/19, lr: [1.000]x1e-4, loss: [0.0039]
iter: [45200]/300000, epoch: [2]/19, lr: [1.000]x1e-4, loss: [0.0047]
iter: [45300]/300000, epoch: [2]/19, lr: [1.000]x1e-4, loss: [0.0042]
iter: [45400]/300000, epoch: [2]/19, lr: [1.000]x1e-4, loss: [0.0036]
iter: [45500]/300000, epoch: [2]/19, lr: [1.000]x1e-4, loss: [0.0037]
iter: [45600]/300000, epoch: [2]/19, lr: [1.000]x1e-4, loss: [0.0069]
iter: [45700]/300000, epoch: [2]/19, lr: [1.000]x1e-4, loss: [0.0043]
iter: [45800]/300000, epoch: [2]/19, lr: [1.000]x1e-4, loss: [0.0061]
iter: [45900]/300000, epoch: [2]/19, lr: [1.000]x1e-4, loss: [0.0035]
iter: [46000]/300000, epoch: [2]/19, lr: [1.000]x1e-4, loss: [0.0051]
iter: [46100]/300000, epoch: [2]/19, lr: [1.000]x1e-4, loss: [0.0052]
iter: [46200]/300000, epoch: [2]/19, lr: [1.000]x1e-4, loss: [0.0043]
iter: [46300]/300000, epoch: [2]/19, lr: [1.000]x1e-4, loss: [0.0064]
iter: [46400]/300000, epoch: [2]/19, lr: [1.000]x1e-4, loss: [0.0051]
iter: [46500]/300000, epoch: [2]/19, lr: [1.000]x1e-4, loss: [0.0033]
iter: [46600]/300000, epoch: [2]/19, lr: [1.000]x1e-4, loss: [0.0042]
iter: [46700]/300000, epoch: [2]/19, lr: [1.000]x1e-4, loss: [0.0052]
iter: [46800]/300000, epoch: [2]/19, lr: [1.000]x1e-4, loss: [0.0052]
iter: [46900]/300000, epoch: [2]/19, lr: [1.000]x1e-4, loss: [0.0057]
iter: [47000]/300000, epoch: [2]/19, lr: [1.000]x1e-4, loss: [0.0068]
iter: [47100]/300000, epoch: [2]/19, lr: [1.000]x1e-4, loss: [0.0051]
iter: [47200]/300000, epoch: [2]/19, lr: [1.000]x1e-4, loss: [0.0042]
iter: [47300]/300000, epoch: [3]/19, lr: [1.000]x1e-4, loss: [0.0052]
iter: [47400]/300000, epoch: [3]/19, lr: [1.000]x1e-4, loss: [0.0034]
iter: [47500]/300000, epoch: [3]/19, lr: [1.000]x1e-4, loss: [0.0064]
iter: [47600]/300000, epoch: [3]/19, lr: [1.000]x1e-4, loss: [0.0041]
iter: [47700]/300000, epoch: [3]/19, lr: [1.000]x1e-4, loss: [0.0046]
iter: [47800]/300000, epoch: [3]/19, lr: [1.000]x1e-4, loss: [0.0065]
iter: [47900]/300000, epoch: [3]/19, lr: [1.000]x1e-4, loss: [0.0053]
iter: [48000]/300000, epoch: [3]/19, lr: [1.000]x1e-4, loss: [0.0071]
iter: [48100]/300000, epoch: [3]/19, lr: [1.000]x1e-4, loss: [0.0048]
iter: [48200]/300000, epoch: [3]/19, lr: [1.000]x1e-4, loss: [0.0074]
iter: [48300]/300000, epoch: [3]/19, lr: [1.000]x1e-4, loss: [0.0063]
iter: [48400]/300000, epoch: [3]/19, lr: [1.000]x1e-4, loss: [0.0045]
iter: [48500]/300000, epoch: [3]/19, lr: [1.000]x1e-4, loss: [0.0047]
iter: [48600]/300000, epoch: [3]/19, lr: [1.000]x1e-4, loss: [0.0070]
iter: [48700]/300000, epoch: [3]/19, lr: [1.000]x1e-4, loss: [0.0043]
iter: [48800]/300000, epoch: [3]/19, lr: [1.000]x1e-4, loss: [0.0027]
iter: [48900]/300000, epoch: [3]/19, lr: [1.000]x1e-4, loss: [0.0069]
iter: [49000]/300000, epoch: [3]/19, lr: [1.000]x1e-4, loss: [0.0053]
iter: [49100]/300000, epoch: [3]/19, lr: [1.000]x1e-4, loss: [0.0052]
iter: [49200]/300000, epoch: [3]/19, lr: [1.000]x1e-4, loss: [0.0058]
iter: [49300]/300000, epoch: [3]/19, lr: [1.000]x1e-4, loss: [0.0059]
iter: [49400]/300000, epoch: [3]/19, lr: [1.000]x1e-4, loss: [0.0051]
iter: [49500]/300000, epoch: [3]/19, lr: [1.000]x1e-4, loss: [0.0065]
iter: [49600]/300000, epoch: [3]/19, lr: [1.000]x1e-4, loss: [0.0042]
iter: [49700]/300000, epoch: [3]/19, lr: [1.000]x1e-4, loss: [0.0070]
iter: [49800]/300000, epoch: [3]/19, lr: [1.000]x1e-4, loss: [0.0056]
iter: [49900]/300000, epoch: [3]/19, lr: [1.000]x1e-4, loss: [0.0042]
iter: [50000]/300000, epoch: [3]/19, lr: [1.000]x1e-4, loss: [0.0047]
iter: [50100]/300000, epoch: [3]/19, lr: [1.000]x1e-4, loss: [0.0064]
iter: [50200]/300000, epoch: [3]/19, lr: [1.000]x1e-4, loss: [0.0046]
iter: [50300]/300000, epoch: [3]/19, lr: [1.000]x1e-4, loss: [0.0058]
iter: [50400]/300000, epoch: [3]/19, lr: [1.000]x1e-4, loss: [0.0034]
iter: [50500]/300000, epoch: [3]/19, lr: [1.000]x1e-4, loss: [0.0043]
iter: [50600]/300000, epoch: [3]/19, lr: [1.000]x1e-4, loss: [0.0049]
iter: [50700]/300000, epoch: [3]/19, lr: [1.000]x1e-4, loss: [0.0051]
iter: [50800]/300000, epoch: [3]/19, lr: [1.000]x1e-4, loss: [0.0050]
iter: [50900]/300000, epoch: [3]/19, lr: [1.000]x1e-4, loss: [0.0052]
iter: [51000]/300000, epoch: [3]/19, lr: [1.000]x1e-4, loss: [0.0060]
iter: [51100]/300000, epoch: [3]/19, lr: [1.000]x1e-4, loss: [0.0042]
iter: [51200]/300000, epoch: [3]/19, lr: [1.000]x1e-4, loss: [0.0047]
iter: [51300]/300000, epoch: [3]/19, lr: [1.000]x1e-4, loss: [0.0069]
iter: [51400]/300000, epoch: [3]/19, lr: [1.000]x1e-4, loss: [0.0059]
iter: [51500]/300000, epoch: [3]/19, lr: [1.000]x1e-4, loss: [0.0041]
iter: [51600]/300000, epoch: [3]/19, lr: [1.000]x1e-4, loss: [0.0058]
iter: [51700]/300000, epoch: [3]/19, lr: [1.000]x1e-4, loss: [0.0039]
iter: [51800]/300000, epoch: [3]/19, lr: [1.000]x1e-4, loss: [0.0051]
iter: [51900]/300000, epoch: [3]/19, lr: [1.000]x1e-4, loss: [0.0071]
iter: [52000]/300000, epoch: [3]/19, lr: [1.000]x1e-4, loss: [0.0066]
iter: [52100]/300000, epoch: [3]/19, lr: [1.000]x1e-4, loss: [0.0046]
iter: [52200]/300000, epoch: [3]/19, lr: [1.000]x1e-4, loss: [0.0061]
iter: [52300]/300000, epoch: [3]/19, lr: [1.000]x1e-4, loss: [0.0058]
iter: [52400]/300000, epoch: [3]/19, lr: [1.000]x1e-4, loss: [0.0038]
iter: [52500]/300000, epoch: [3]/19, lr: [1.000]x1e-4, loss: [0.0039]
iter: [52600]/300000, epoch: [3]/19, lr: [1.000]x1e-4, loss: [0.0058]
iter: [52700]/300000, epoch: [3]/19, lr: [1.000]x1e-4, loss: [0.0057]
iter: [52800]/300000, epoch: [3]/19, lr: [1.000]x1e-4, loss: [0.0076]
iter: [52900]/300000, epoch: [3]/19, lr: [1.000]x1e-4, loss: [0.0061]
iter: [53000]/300000, epoch: [3]/19, lr: [1.000]x1e-4, loss: [0.0067]
iter: [53100]/300000, epoch: [3]/19, lr: [1.000]x1e-4, loss: [0.0055]
iter: [53200]/300000, epoch: [3]/19, lr: [1.000]x1e-4, loss: [0.0062]
iter: [53300]/300000, epoch: [3]/19, lr: [1.000]x1e-4, loss: [0.0037]
iter: [53400]/300000, epoch: [3]/19, lr: [1.000]x1e-4, loss: [0.0056]
iter: [53500]/300000, epoch: [3]/19, lr: [1.000]x1e-4, loss: [0.0062]
iter: [53600]/300000, epoch: [3]/19, lr: [1.000]x1e-4, loss: [0.0048]
iter: [53700]/300000, epoch: [3]/19, lr: [1.000]x1e-4, loss: [0.0057]
iter: [53800]/300000, epoch: [3]/19, lr: [1.000]x1e-4, loss: [0.0044]
iter: [53900]/300000, epoch: [3]/19, lr: [1.000]x1e-4, loss: [0.0035]
iter: [54000]/300000, epoch: [3]/19, lr: [1.000]x1e-4, loss: [0.0046]
iter: [54100]/300000, epoch: [3]/19, lr: [1.000]x1e-4, loss: [0.0041]
iter: [54200]/300000, epoch: [3]/19, lr: [1.000]x1e-4, loss: [0.0050]
iter: [54300]/300000, epoch: [3]/19, lr: [1.000]x1e-4, loss: [0.0046]
iter: [54400]/300000, epoch: [3]/19, lr: [1.000]x1e-4, loss: [0.0054]
iter: [54500]/300000, epoch: [3]/19, lr: [1.000]x1e-4, loss: [0.0034]
iter: [54600]/300000, epoch: [3]/19, lr: [1.000]x1e-4, loss: [0.0035]
iter: [54700]/300000, epoch: [3]/19, lr: [1.000]x1e-4, loss: [0.0034]
iter: [54800]/300000, epoch: [3]/19, lr: [1.000]x1e-4, loss: [0.0058]
iter: [54900]/300000, epoch: [3]/19, lr: [1.000]x1e-4, loss: [0.0054]
iter: [55000]/300000, epoch: [3]/19, lr: [1.000]x1e-4, loss: [0.0043]
iter: [55100]/300000, epoch: [3]/19, lr: [1.000]x1e-4, loss: [0.0048]
iter: [55200]/300000, epoch: [3]/19, lr: [1.000]x1e-4, loss: [0.0037]
iter: [55300]/300000, epoch: [3]/19, lr: [1.000]x1e-4, loss: [0.0072]
iter: [55400]/300000, epoch: [3]/19, lr: [1.000]x1e-4, loss: [0.0061]
iter: [55500]/300000, epoch: [3]/19, lr: [1.000]x1e-4, loss: [0.0056]
iter: [55600]/300000, epoch: [3]/19, lr: [1.000]x1e-4, loss: [0.0040]
iter: [55700]/300000, epoch: [3]/19, lr: [1.000]x1e-4, loss: [0.0046]
iter: [55800]/300000, epoch: [3]/19, lr: [1.000]x1e-4, loss: [0.0045]
iter: [55900]/300000, epoch: [3]/19, lr: [1.000]x1e-4, loss: [0.0030]
iter: [56000]/300000, epoch: [3]/19, lr: [1.000]x1e-4, loss: [0.0052]
iter: [56100]/300000, epoch: [3]/19, lr: [1.000]x1e-4, loss: [0.0072]
iter: [56200]/300000, epoch: [3]/19, lr: [1.000]x1e-4, loss: [0.0072]
iter: [56300]/300000, epoch: [3]/19, lr: [1.000]x1e-4, loss: [0.0041]
iter: [56400]/300000, epoch: [3]/19, lr: [1.000]x1e-4, loss: [0.0037]
iter: [56500]/300000, epoch: [3]/19, lr: [1.000]x1e-4, loss: [0.0064]
iter: [56600]/300000, epoch: [3]/19, lr: [1.000]x1e-4, loss: [0.0051]
iter: [56700]/300000, epoch: [3]/19, lr: [1.000]x1e-4, loss: [0.0035]
iter: [56800]/300000, epoch: [3]/19, lr: [1.000]x1e-4, loss: [0.0056]
iter: [56900]/300000, epoch: [3]/19, lr: [1.000]x1e-4, loss: [0.0047]
iter: [57000]/300000, epoch: [3]/19, lr: [1.000]x1e-4, loss: [0.0052]
iter: [57100]/300000, epoch: [3]/19, lr: [1.000]x1e-4, loss: [0.0067]
iter: [57200]/300000, epoch: [3]/19, lr: [1.000]x1e-4, loss: [0.0071]
iter: [57300]/300000, epoch: [3]/19, lr: [1.000]x1e-4, loss: [0.0049]
iter: [57400]/300000, epoch: [3]/19, lr: [1.000]x1e-4, loss: [0.0033]
iter: [57500]/300000, epoch: [3]/19, lr: [1.000]x1e-4, loss: [0.0037]
iter: [57600]/300000, epoch: [3]/19, lr: [1.000]x1e-4, loss: [0.0056]
iter: [57700]/300000, epoch: [3]/19, lr: [1.000]x1e-4, loss: [0.0039]
iter: [57800]/300000, epoch: [3]/19, lr: [1.000]x1e-4, loss: [0.0040]
iter: [57900]/300000, epoch: [3]/19, lr: [1.000]x1e-4, loss: [0.0052]
iter: [58000]/300000, epoch: [3]/19, lr: [1.000]x1e-4, loss: [0.0062]
iter: [58100]/300000, epoch: [3]/19, lr: [1.000]x1e-4, loss: [0.0061]
iter: [58200]/300000, epoch: [3]/19, lr: [1.000]x1e-4, loss: [0.0036]
iter: [58300]/300000, epoch: [3]/19, lr: [1.000]x1e-4, loss: [0.0056]
iter: [58400]/300000, epoch: [3]/19, lr: [1.000]x1e-4, loss: [0.0058]
iter: [58500]/300000, epoch: [3]/19, lr: [1.000]x1e-4, loss: [0.0058]
iter: [58600]/300000, epoch: [3]/19, lr: [1.000]x1e-4, loss: [0.0044]
iter: [58700]/300000, epoch: [3]/19, lr: [1.000]x1e-4, loss: [0.0045]
iter: [58800]/300000, epoch: [3]/19, lr: [1.000]x1e-4, loss: [0.0051]
iter: [58900]/300000, epoch: [3]/19, lr: [1.000]x1e-4, loss: [0.0065]
iter: [59000]/300000, epoch: [3]/19, lr: [1.000]x1e-4, loss: [0.0051]
iter: [59100]/300000, epoch: [3]/19, lr: [1.000]x1e-4, loss: [0.0056]
iter: [59200]/300000, epoch: [3]/19, lr: [1.000]x1e-4, loss: [0.0045]
iter: [59300]/300000, epoch: [3]/19, lr: [1.000]x1e-4, loss: [0.0049]
iter: [59400]/300000, epoch: [3]/19, lr: [1.000]x1e-4, loss: [0.0043]
iter: [59500]/300000, epoch: [3]/19, lr: [1.000]x1e-4, loss: [0.0043]
iter: [59600]/300000, epoch: [3]/19, lr: [1.000]x1e-4, loss: [0.0051]
iter: [59700]/300000, epoch: [3]/19, lr: [1.000]x1e-4, loss: [0.0042]
iter: [59800]/300000, epoch: [3]/19, lr: [1.000]x1e-4, loss: [0.0039]
iter: [59900]/300000, epoch: [3]/19, lr: [1.000]x1e-4, loss: [0.0039]
iter: [60000]/300000, epoch: [3]/19, lr: [1.000]x1e-4, loss: [0.0031]
iter: [60100]/300000, epoch: [3]/19, lr: [1.000]x1e-4, loss: [0.0054]
iter: [60200]/300000, epoch: [3]/19, lr: [1.000]x1e-4, loss: [0.0041]
iter: [60300]/300000, epoch: [3]/19, lr: [1.000]x1e-4, loss: [0.0053]
iter: [60400]/300000, epoch: [3]/19, lr: [1.000]x1e-4, loss: [0.0073]
iter: [60500]/300000, epoch: [3]/19, lr: [1.000]x1e-4, loss: [0.0051]
iter: [60600]/300000, epoch: [3]/19, lr: [1.000]x1e-4, loss: [0.0045]
iter: [60700]/300000, epoch: [3]/19, lr: [1.000]x1e-4, loss: [0.0052]
iter: [60800]/300000, epoch: [3]/19, lr: [1.000]x1e-4, loss: [0.0088]
iter: [60900]/300000, epoch: [3]/19, lr: [1.000]x1e-4, loss: [0.0043]
iter: [61000]/300000, epoch: [3]/19, lr: [1.000]x1e-4, loss: [0.0038]
iter: [61100]/300000, epoch: [3]/19, lr: [1.000]x1e-4, loss: [0.0046]
iter: [61200]/300000, epoch: [3]/19, lr: [1.000]x1e-4, loss: [0.0057]
iter: [61300]/300000, epoch: [3]/19, lr: [1.000]x1e-4, loss: [0.0062]
iter: [61400]/300000, epoch: [3]/19, lr: [1.000]x1e-4, loss: [0.0051]
iter: [61500]/300000, epoch: [3]/19, lr: [1.000]x1e-4, loss: [0.0044]
iter: [61600]/300000, epoch: [3]/19, lr: [1.000]x1e-4, loss: [0.0061]
iter: [61700]/300000, epoch: [3]/19, lr: [1.000]x1e-4, loss: [0.0057]
iter: [61800]/300000, epoch: [3]/19, lr: [1.000]x1e-4, loss: [0.0050]
iter: [61900]/300000, epoch: [3]/19, lr: [1.000]x1e-4, loss: [0.0057]
iter: [62000]/300000, epoch: [3]/19, lr: [1.000]x1e-4, loss: [0.0033]
iter: [62100]/300000, epoch: [3]/19, lr: [1.000]x1e-4, loss: [0.0063]
iter: [62200]/300000, epoch: [3]/19, lr: [1.000]x1e-4, loss: [0.0048]
iter: [62300]/300000, epoch: [3]/19, lr: [1.000]x1e-4, loss: [0.0059]
iter: [62400]/300000, epoch: [3]/19, lr: [1.000]x1e-4, loss: [0.0036]
iter: [62500]/300000, epoch: [3]/19, lr: [1.000]x1e-4, loss: [0.0050]
iter: [62600]/300000, epoch: [3]/19, lr: [1.000]x1e-4, loss: [0.0054]
iter: [62700]/300000, epoch: [3]/19, lr: [1.000]x1e-4, loss: [0.0026]
iter: [62800]/300000, epoch: [3]/19, lr: [1.000]x1e-4, loss: [0.0053]
iter: [62900]/300000, epoch: [3]/19, lr: [1.000]x1e-4, loss: [0.0041]
iter: [63000]/300000, epoch: [3]/19, lr: [1.000]x1e-4, loss: [0.0055]
iter: [63100]/300000, epoch: [4]/19, lr: [1.000]x1e-4, loss: [0.0044]
iter: [63200]/300000, epoch: [4]/19, lr: [1.000]x1e-4, loss: [0.0058]
iter: [63300]/300000, epoch: [4]/19, lr: [1.000]x1e-4, loss: [0.0070]
iter: [63400]/300000, epoch: [4]/19, lr: [1.000]x1e-4, loss: [0.0042]
iter: [63500]/300000, epoch: [4]/19, lr: [1.000]x1e-4, loss: [0.0047]
iter: [63600]/300000, epoch: [4]/19, lr: [1.000]x1e-4, loss: [0.0061]
iter: [63700]/300000, epoch: [4]/19, lr: [1.000]x1e-4, loss: [0.0052]
iter: [63800]/300000, epoch: [4]/19, lr: [1.000]x1e-4, loss: [0.0061]
iter: [63900]/300000, epoch: [4]/19, lr: [1.000]x1e-4, loss: [0.0036]
iter: [64000]/300000, epoch: [4]/19, lr: [1.000]x1e-4, loss: [0.0054]
iter: [64100]/300000, epoch: [4]/19, lr: [1.000]x1e-4, loss: [0.0053]
iter: [64200]/300000, epoch: [4]/19, lr: [1.000]x1e-4, loss: [0.0065]
iter: [64300]/300000, epoch: [4]/19, lr: [1.000]x1e-4, loss: [0.0069]
iter: [64400]/300000, epoch: [4]/19, lr: [1.000]x1e-4, loss: [0.0057]
iter: [64500]/300000, epoch: [4]/19, lr: [1.000]x1e-4, loss: [0.0044]
iter: [64600]/300000, epoch: [4]/19, lr: [1.000]x1e-4, loss: [0.0054]
iter: [64700]/300000, epoch: [4]/19, lr: [1.000]x1e-4, loss: [0.0054]
iter: [64800]/300000, epoch: [4]/19, lr: [1.000]x1e-4, loss: [0.0053]
iter: [64900]/300000, epoch: [4]/19, lr: [1.000]x1e-4, loss: [0.0057]
iter: [65000]/300000, epoch: [4]/19, lr: [1.000]x1e-4, loss: [0.0028]
iter: [65100]/300000, epoch: [4]/19, lr: [1.000]x1e-4, loss: [0.0045]
iter: [65200]/300000, epoch: [4]/19, lr: [1.000]x1e-4, loss: [0.0045]
iter: [65300]/300000, epoch: [4]/19, lr: [1.000]x1e-4, loss: [0.0051]
iter: [65400]/300000, epoch: [4]/19, lr: [1.000]x1e-4, loss: [0.0038]
iter: [65500]/300000, epoch: [4]/19, lr: [1.000]x1e-4, loss: [0.0061]
iter: [65600]/300000, epoch: [4]/19, lr: [1.000]x1e-4, loss: [0.0044]
iter: [65700]/300000, epoch: [4]/19, lr: [1.000]x1e-4, loss: [0.0050]
iter: [65800]/300000, epoch: [4]/19, lr: [1.000]x1e-4, loss: [0.0046]
iter: [65900]/300000, epoch: [4]/19, lr: [1.000]x1e-4, loss: [0.0071]
iter: [66000]/300000, epoch: [4]/19, lr: [1.000]x1e-4, loss: [0.0043]
iter: [66100]/300000, epoch: [4]/19, lr: [1.000]x1e-4, loss: [0.0055]
iter: [66200]/300000, epoch: [4]/19, lr: [1.000]x1e-4, loss: [0.0055]
iter: [66300]/300000, epoch: [4]/19, lr: [1.000]x1e-4, loss: [0.0060]
iter: [66400]/300000, epoch: [4]/19, lr: [1.000]x1e-4, loss: [0.0065]
iter: [66500]/300000, epoch: [4]/19, lr: [1.000]x1e-4, loss: [0.0080]
iter: [66600]/300000, epoch: [4]/19, lr: [1.000]x1e-4, loss: [0.0046]
iter: [66700]/300000, epoch: [4]/19, lr: [1.000]x1e-4, loss: [0.0052]
iter: [66800]/300000, epoch: [4]/19, lr: [1.000]x1e-4, loss: [0.0052]
iter: [66900]/300000, epoch: [4]/19, lr: [1.000]x1e-4, loss: [0.0039]
iter: [67000]/300000, epoch: [4]/19, lr: [1.000]x1e-4, loss: [0.0046]
iter: [67100]/300000, epoch: [4]/19, lr: [1.000]x1e-4, loss: [0.0038]
iter: [67200]/300000, epoch: [4]/19, lr: [1.000]x1e-4, loss: [0.0045]
iter: [67300]/300000, epoch: [4]/19, lr: [1.000]x1e-4, loss: [0.0030]
iter: [67400]/300000, epoch: [4]/19, lr: [1.000]x1e-4, loss: [0.0050]
iter: [67500]/300000, epoch: [4]/19, lr: [1.000]x1e-4, loss: [0.0077]
iter: [67600]/300000, epoch: [4]/19, lr: [1.000]x1e-4, loss: [0.0044]
iter: [67700]/300000, epoch: [4]/19, lr: [1.000]x1e-4, loss: [0.0044]
iter: [67800]/300000, epoch: [4]/19, lr: [1.000]x1e-4, loss: [0.0061]
iter: [67900]/300000, epoch: [4]/19, lr: [1.000]x1e-4, loss: [0.0036]
iter: [68000]/300000, epoch: [4]/19, lr: [1.000]x1e-4, loss: [0.0068]
iter: [68100]/300000, epoch: [4]/19, lr: [1.000]x1e-4, loss: [0.0041]
iter: [68200]/300000, epoch: [4]/19, lr: [1.000]x1e-4, loss: [0.0037]
iter: [68300]/300000, epoch: [4]/19, lr: [1.000]x1e-4, loss: [0.0039]
iter: [68400]/300000, epoch: [4]/19, lr: [1.000]x1e-4, loss: [0.0055]
iter: [68500]/300000, epoch: [4]/19, lr: [1.000]x1e-4, loss: [0.0051]
iter: [68600]/300000, epoch: [4]/19, lr: [1.000]x1e-4, loss: [0.0050]
iter: [68700]/300000, epoch: [4]/19, lr: [1.000]x1e-4, loss: [0.0056]
iter: [68800]/300000, epoch: [4]/19, lr: [1.000]x1e-4, loss: [0.0053]
iter: [68900]/300000, epoch: [4]/19, lr: [1.000]x1e-4, loss: [0.0046]
iter: [69000]/300000, epoch: [4]/19, lr: [1.000]x1e-4, loss: [0.0093]
iter: [69100]/300000, epoch: [4]/19, lr: [1.000]x1e-4, loss: [0.0053]
iter: [69200]/300000, epoch: [4]/19, lr: [1.000]x1e-4, loss: [0.0035]
iter: [69300]/300000, epoch: [4]/19, lr: [1.000]x1e-4, loss: [0.0050]
iter: [69400]/300000, epoch: [4]/19, lr: [1.000]x1e-4, loss: [0.0053]
iter: [69500]/300000, epoch: [4]/19, lr: [1.000]x1e-4, loss: [0.0067]
iter: [69600]/300000, epoch: [4]/19, lr: [1.000]x1e-4, loss: [0.0041]
iter: [69700]/300000, epoch: [4]/19, lr: [1.000]x1e-4, loss: [0.0053]
iter: [69800]/300000, epoch: [4]/19, lr: [1.000]x1e-4, loss: [0.0056]
iter: [69900]/300000, epoch: [4]/19, lr: [1.000]x1e-4, loss: [0.0062]
iter: [70000]/300000, epoch: [4]/19, lr: [1.000]x1e-4, loss: [0.0061]
iter: [70100]/300000, epoch: [4]/19, lr: [1.000]x1e-4, loss: [0.0046]
iter: [70200]/300000, epoch: [4]/19, lr: [1.000]x1e-4, loss: [0.0056]
iter: [70300]/300000, epoch: [4]/19, lr: [1.000]x1e-4, loss: [0.0062]
iter: [70400]/300000, epoch: [4]/19, lr: [1.000]x1e-4, loss: [0.0073]
iter: [70500]/300000, epoch: [4]/19, lr: [1.000]x1e-4, loss: [0.0051]
iter: [70600]/300000, epoch: [4]/19, lr: [1.000]x1e-4, loss: [0.0036]
iter: [70700]/300000, epoch: [4]/19, lr: [1.000]x1e-4, loss: [0.0083]
iter: [70800]/300000, epoch: [4]/19, lr: [1.000]x1e-4, loss: [0.0044]
iter: [70900]/300000, epoch: [4]/19, lr: [1.000]x1e-4, loss: [0.0049]
iter: [71000]/300000, epoch: [4]/19, lr: [1.000]x1e-4, loss: [0.0047]
iter: [71100]/300000, epoch: [4]/19, lr: [1.000]x1e-4, loss: [0.0046]
iter: [71200]/300000, epoch: [4]/19, lr: [1.000]x1e-4, loss: [0.0042]
iter: [71300]/300000, epoch: [4]/19, lr: [1.000]x1e-4, loss: [0.0045]
iter: [71400]/300000, epoch: [4]/19, lr: [1.000]x1e-4, loss: [0.0032]
iter: [71500]/300000, epoch: [4]/19, lr: [1.000]x1e-4, loss: [0.0034]
iter: [71600]/300000, epoch: [4]/19, lr: [1.000]x1e-4, loss: [0.0046]
iter: [71700]/300000, epoch: [4]/19, lr: [1.000]x1e-4, loss: [0.0054]
iter: [71800]/300000, epoch: [4]/19, lr: [1.000]x1e-4, loss: [0.0040]
iter: [71900]/300000, epoch: [4]/19, lr: [1.000]x1e-4, loss: [0.0060]
iter: [72000]/300000, epoch: [4]/19, lr: [1.000]x1e-4, loss: [0.0049]
iter: [72100]/300000, epoch: [4]/19, lr: [1.000]x1e-4, loss: [0.0064]
iter: [72200]/300000, epoch: [4]/19, lr: [1.000]x1e-4, loss: [0.0048]
iter: [72300]/300000, epoch: [4]/19, lr: [1.000]x1e-4, loss: [0.0033]
iter: [72400]/300000, epoch: [4]/19, lr: [1.000]x1e-4, loss: [0.0051]
iter: [72500]/300000, epoch: [4]/19, lr: [1.000]x1e-4, loss: [0.0051]
iter: [72600]/300000, epoch: [4]/19, lr: [1.000]x1e-4, loss: [0.0043]
iter: [72700]/300000, epoch: [4]/19, lr: [1.000]x1e-4, loss: [0.0042]
iter: [72800]/300000, epoch: [4]/19, lr: [1.000]x1e-4, loss: [0.0037]
iter: [72900]/300000, epoch: [4]/19, lr: [1.000]x1e-4, loss: [0.0042]
iter: [73000]/300000, epoch: [4]/19, lr: [1.000]x1e-4, loss: [0.0040]
iter: [73100]/300000, epoch: [4]/19, lr: [1.000]x1e-4, loss: [0.0055]
iter: [73200]/300000, epoch: [4]/19, lr: [1.000]x1e-4, loss: [0.0054]
iter: [73300]/300000, epoch: [4]/19, lr: [1.000]x1e-4, loss: [0.0061]
iter: [73400]/300000, epoch: [4]/19, lr: [1.000]x1e-4, loss: [0.0059]
iter: [73500]/300000, epoch: [4]/19, lr: [1.000]x1e-4, loss: [0.0054]
iter: [73600]/300000, epoch: [4]/19, lr: [1.000]x1e-4, loss: [0.0053]
iter: [73700]/300000, epoch: [4]/19, lr: [1.000]x1e-4, loss: [0.0048]
iter: [73800]/300000, epoch: [4]/19, lr: [1.000]x1e-4, loss: [0.0051]
iter: [73900]/300000, epoch: [4]/19, lr: [1.000]x1e-4, loss: [0.0031]
iter: [74000]/300000, epoch: [4]/19, lr: [1.000]x1e-4, loss: [0.0050]
iter: [74100]/300000, epoch: [4]/19, lr: [1.000]x1e-4, loss: [0.0037]
iter: [74200]/300000, epoch: [4]/19, lr: [1.000]x1e-4, loss: [0.0052]
iter: [74300]/300000, epoch: [4]/19, lr: [1.000]x1e-4, loss: [0.0050]
iter: [74400]/300000, epoch: [4]/19, lr: [1.000]x1e-4, loss: [0.0045]
iter: [74500]/300000, epoch: [4]/19, lr: [1.000]x1e-4, loss: [0.0066]
iter: [74600]/300000, epoch: [4]/19, lr: [1.000]x1e-4, loss: [0.0069]
iter: [74700]/300000, epoch: [4]/19, lr: [1.000]x1e-4, loss: [0.0063]
iter: [74800]/300000, epoch: [4]/19, lr: [1.000]x1e-4, loss: [0.0077]
iter: [74900]/300000, epoch: [4]/19, lr: [1.000]x1e-4, loss: [0.0050]
iter: [75000]/300000, epoch: [4]/19, lr: [1.000]x1e-4, loss: [0.0058]
iter: [75100]/300000, epoch: [4]/19, lr: [1.000]x1e-4, loss: [0.0051]
iter: [75200]/300000, epoch: [4]/19, lr: [1.000]x1e-4, loss: [0.0049]
iter: [75300]/300000, epoch: [4]/19, lr: [1.000]x1e-4, loss: [0.0049]
iter: [75400]/300000, epoch: [4]/19, lr: [1.000]x1e-4, loss: [0.0058]
iter: [75500]/300000, epoch: [4]/19, lr: [1.000]x1e-4, loss: [0.0068]
iter: [75600]/300000, epoch: [4]/19, lr: [1.000]x1e-4, loss: [0.0034]
iter: [75700]/300000, epoch: [4]/19, lr: [1.000]x1e-4, loss: [0.0043]
iter: [75800]/300000, epoch: [4]/19, lr: [1.000]x1e-4, loss: [0.0034]
iter: [75900]/300000, epoch: [4]/19, lr: [1.000]x1e-4, loss: [0.0071]
iter: [76000]/300000, epoch: [4]/19, lr: [1.000]x1e-4, loss: [0.0046]
iter: [76100]/300000, epoch: [4]/19, lr: [1.000]x1e-4, loss: [0.0038]
iter: [76200]/300000, epoch: [4]/19, lr: [1.000]x1e-4, loss: [0.0054]
iter: [76300]/300000, epoch: [4]/19, lr: [1.000]x1e-4, loss: [0.0044]
iter: [76400]/300000, epoch: [4]/19, lr: [1.000]x1e-4, loss: [0.0055]
iter: [76500]/300000, epoch: [4]/19, lr: [1.000]x1e-4, loss: [0.0046]
iter: [76600]/300000, epoch: [4]/19, lr: [1.000]x1e-4, loss: [0.0051]
iter: [76700]/300000, epoch: [4]/19, lr: [1.000]x1e-4, loss: [0.0056]
iter: [76800]/300000, epoch: [4]/19, lr: [1.000]x1e-4, loss: [0.0055]
iter: [76900]/300000, epoch: [4]/19, lr: [1.000]x1e-4, loss: [0.0056]
iter: [77000]/300000, epoch: [4]/19, lr: [1.000]x1e-4, loss: [0.0049]
iter: [77100]/300000, epoch: [4]/19, lr: [1.000]x1e-4, loss: [0.0043]
iter: [77200]/300000, epoch: [4]/19, lr: [1.000]x1e-4, loss: [0.0036]
iter: [77300]/300000, epoch: [4]/19, lr: [1.000]x1e-4, loss: [0.0039]
iter: [77400]/300000, epoch: [4]/19, lr: [1.000]x1e-4, loss: [0.0043]
iter: [77500]/300000, epoch: [4]/19, lr: [1.000]x1e-4, loss: [0.0037]
iter: [77600]/300000, epoch: [4]/19, lr: [1.000]x1e-4, loss: [0.0053]
iter: [77700]/300000, epoch: [4]/19, lr: [1.000]x1e-4, loss: [0.0058]
iter: [77800]/300000, epoch: [4]/19, lr: [1.000]x1e-4, loss: [0.0075]
iter: [77900]/300000, epoch: [4]/19, lr: [1.000]x1e-4, loss: [0.0047]
iter: [78000]/300000, epoch: [4]/19, lr: [1.000]x1e-4, loss: [0.0063]
iter: [78100]/300000, epoch: [4]/19, lr: [1.000]x1e-4, loss: [0.0086]
iter: [78200]/300000, epoch: [4]/19, lr: [1.000]x1e-4, loss: [0.0045]
iter: [78300]/300000, epoch: [4]/19, lr: [1.000]x1e-4, loss: [0.0045]
iter: [78400]/300000, epoch: [4]/19, lr: [1.000]x1e-4, loss: [0.0043]
iter: [78500]/300000, epoch: [4]/19, lr: [1.000]x1e-4, loss: [0.0053]
iter: [78600]/300000, epoch: [4]/19, lr: [1.000]x1e-4, loss: [0.0052]
iter: [78700]/300000, epoch: [4]/19, lr: [1.000]x1e-4, loss: [0.0051]
iter: [78800]/300000, epoch: [5]/19, lr: [1.000]x1e-4, loss: [0.0043]
iter: [78900]/300000, epoch: [5]/19, lr: [1.000]x1e-4, loss: [0.0046]
iter: [79000]/300000, epoch: [5]/19, lr: [1.000]x1e-4, loss: [0.0084]
iter: [79100]/300000, epoch: [5]/19, lr: [1.000]x1e-4, loss: [0.0046]
iter: [79200]/300000, epoch: [5]/19, lr: [1.000]x1e-4, loss: [0.0060]
iter: [79300]/300000, epoch: [5]/19, lr: [1.000]x1e-4, loss: [0.0073]
iter: [79400]/300000, epoch: [5]/19, lr: [1.000]x1e-4, loss: [0.0040]
iter: [79500]/300000, epoch: [5]/19, lr: [1.000]x1e-4, loss: [0.0066]
iter: [79600]/300000, epoch: [5]/19, lr: [1.000]x1e-4, loss: [0.0064]
iter: [79700]/300000, epoch: [5]/19, lr: [1.000]x1e-4, loss: [0.0056]
iter: [79800]/300000, epoch: [5]/19, lr: [1.000]x1e-4, loss: [0.0045]
iter: [79900]/300000, epoch: [5]/19, lr: [1.000]x1e-4, loss: [0.0051]
iter: [80000]/300000, epoch: [5]/19, lr: [1.000]x1e-4, loss: [0.0068]
iter: [80100]/300000, epoch: [5]/19, lr: [1.000]x1e-4, loss: [0.0067]
iter: [80200]/300000, epoch: [5]/19, lr: [1.000]x1e-4, loss: [0.0041]
iter: [80300]/300000, epoch: [5]/19, lr: [1.000]x1e-4, loss: [0.0072]
iter: [80400]/300000, epoch: [5]/19, lr: [1.000]x1e-4, loss: [0.0050]
iter: [80500]/300000, epoch: [5]/19, lr: [1.000]x1e-4, loss: [0.0070]
iter: [80600]/300000, epoch: [5]/19, lr: [1.000]x1e-4, loss: [0.0043]
iter: [80700]/300000, epoch: [5]/19, lr: [1.000]x1e-4, loss: [0.0043]
iter: [80800]/300000, epoch: [5]/19, lr: [1.000]x1e-4, loss: [0.0058]
iter: [80900]/300000, epoch: [5]/19, lr: [1.000]x1e-4, loss: [0.0046]
iter: [81000]/300000, epoch: [5]/19, lr: [1.000]x1e-4, loss: [0.0043]
iter: [81100]/300000, epoch: [5]/19, lr: [1.000]x1e-4, loss: [0.0068]
iter: [81200]/300000, epoch: [5]/19, lr: [1.000]x1e-4, loss: [0.0036]
iter: [81300]/300000, epoch: [5]/19, lr: [1.000]x1e-4, loss: [0.0057]
iter: [81400]/300000, epoch: [5]/19, lr: [1.000]x1e-4, loss: [0.0049]
iter: [81500]/300000, epoch: [5]/19, lr: [1.000]x1e-4, loss: [0.0074]
iter: [81600]/300000, epoch: [5]/19, lr: [1.000]x1e-4, loss: [0.0063]
iter: [81700]/300000, epoch: [5]/19, lr: [1.000]x1e-4, loss: [0.0050]
iter: [81800]/300000, epoch: [5]/19, lr: [1.000]x1e-4, loss: [0.0068]
iter: [81900]/300000, epoch: [5]/19, lr: [1.000]x1e-4, loss: [0.0059]
iter: [82000]/300000, epoch: [5]/19, lr: [1.000]x1e-4, loss: [0.0034]
iter: [82100]/300000, epoch: [5]/19, lr: [1.000]x1e-4, loss: [0.0067]
iter: [82200]/300000, epoch: [5]/19, lr: [1.000]x1e-4, loss: [0.0039]
iter: [82300]/300000, epoch: [5]/19, lr: [1.000]x1e-4, loss: [0.0043]
iter: [82400]/300000, epoch: [5]/19, lr: [1.000]x1e-4, loss: [0.0050]
iter: [82500]/300000, epoch: [5]/19, lr: [1.000]x1e-4, loss: [0.0049]
iter: [82600]/300000, epoch: [5]/19, lr: [1.000]x1e-4, loss: [0.0036]
iter: [82700]/300000, epoch: [5]/19, lr: [1.000]x1e-4, loss: [0.0042]
iter: [82800]/300000, epoch: [5]/19, lr: [1.000]x1e-4, loss: [0.0041]
iter: [82900]/300000, epoch: [5]/19, lr: [1.000]x1e-4, loss: [0.0044]
iter: [83000]/300000, epoch: [5]/19, lr: [1.000]x1e-4, loss: [0.0058]
iter: [83100]/300000, epoch: [5]/19, lr: [1.000]x1e-4, loss: [0.0068]
iter: [83200]/300000, epoch: [5]/19, lr: [1.000]x1e-4, loss: [0.0038]
iter: [83300]/300000, epoch: [5]/19, lr: [1.000]x1e-4, loss: [0.0040]
iter: [83400]/300000, epoch: [5]/19, lr: [1.000]x1e-4, loss: [0.0065]
iter: [83500]/300000, epoch: [5]/19, lr: [1.000]x1e-4, loss: [0.0052]
iter: [83600]/300000, epoch: [5]/19, lr: [1.000]x1e-4, loss: [0.0042]
iter: [83700]/300000, epoch: [5]/19, lr: [1.000]x1e-4, loss: [0.0053]
iter: [83800]/300000, epoch: [5]/19, lr: [1.000]x1e-4, loss: [0.0043]
iter: [83900]/300000, epoch: [5]/19, lr: [1.000]x1e-4, loss: [0.0043]
iter: [84000]/300000, epoch: [5]/19, lr: [1.000]x1e-4, loss: [0.0046]
iter: [84100]/300000, epoch: [5]/19, lr: [1.000]x1e-4, loss: [0.0060]
iter: [84200]/300000, epoch: [5]/19, lr: [1.000]x1e-4, loss: [0.0051]
iter: [84300]/300000, epoch: [5]/19, lr: [1.000]x1e-4, loss: [0.0045]
iter: [84400]/300000, epoch: [5]/19, lr: [1.000]x1e-4, loss: [0.0059]
iter: [84500]/300000, epoch: [5]/19, lr: [1.000]x1e-4, loss: [0.0047]
iter: [84600]/300000, epoch: [5]/19, lr: [1.000]x1e-4, loss: [0.0066]
iter: [84700]/300000, epoch: [5]/19, lr: [1.000]x1e-4, loss: [0.0047]
iter: [84800]/300000, epoch: [5]/19, lr: [1.000]x1e-4, loss: [0.0044]
iter: [84900]/300000, epoch: [5]/19, lr: [1.000]x1e-4, loss: [0.0042]
iter: [85000]/300000, epoch: [5]/19, lr: [1.000]x1e-4, loss: [0.0034]
iter: [85100]/300000, epoch: [5]/19, lr: [1.000]x1e-4, loss: [0.0056]
iter: [85200]/300000, epoch: [5]/19, lr: [1.000]x1e-4, loss: [0.0049]
iter: [85300]/300000, epoch: [5]/19, lr: [1.000]x1e-4, loss: [0.0066]
iter: [85400]/300000, epoch: [5]/19, lr: [1.000]x1e-4, loss: [0.0052]
iter: [85500]/300000, epoch: [5]/19, lr: [1.000]x1e-4, loss: [0.0047]
iter: [85600]/300000, epoch: [5]/19, lr: [1.000]x1e-4, loss: [0.0056]
iter: [85700]/300000, epoch: [5]/19, lr: [1.000]x1e-4, loss: [0.0055]
iter: [85800]/300000, epoch: [5]/19, lr: [1.000]x1e-4, loss: [0.0070]
iter: [85900]/300000, epoch: [5]/19, lr: [1.000]x1e-4, loss: [0.0032]
iter: [86000]/300000, epoch: [5]/19, lr: [1.000]x1e-4, loss: [0.0042]
iter: [86100]/300000, epoch: [5]/19, lr: [1.000]x1e-4, loss: [0.0060]
iter: [86200]/300000, epoch: [5]/19, lr: [1.000]x1e-4, loss: [0.0037]
iter: [86300]/300000, epoch: [5]/19, lr: [1.000]x1e-4, loss: [0.0043]
iter: [86400]/300000, epoch: [5]/19, lr: [1.000]x1e-4, loss: [0.0061]
iter: [86500]/300000, epoch: [5]/19, lr: [1.000]x1e-4, loss: [0.0036]
iter: [86600]/300000, epoch: [5]/19, lr: [1.000]x1e-4, loss: [0.0030]
iter: [86700]/300000, epoch: [5]/19, lr: [1.000]x1e-4, loss: [0.0052]
iter: [86800]/300000, epoch: [5]/19, lr: [1.000]x1e-4, loss: [0.0072]
iter: [86900]/300000, epoch: [5]/19, lr: [1.000]x1e-4, loss: [0.0035]
iter: [87000]/300000, epoch: [5]/19, lr: [1.000]x1e-4, loss: [0.0072]
iter: [87100]/300000, epoch: [5]/19, lr: [1.000]x1e-4, loss: [0.0066]
iter: [87200]/300000, epoch: [5]/19, lr: [1.000]x1e-4, loss: [0.0047]
iter: [87300]/300000, epoch: [5]/19, lr: [1.000]x1e-4, loss: [0.0040]
iter: [87400]/300000, epoch: [5]/19, lr: [1.000]x1e-4, loss: [0.0039]
iter: [87500]/300000, epoch: [5]/19, lr: [1.000]x1e-4, loss: [0.0049]
iter: [87600]/300000, epoch: [5]/19, lr: [1.000]x1e-4, loss: [0.0050]
iter: [87700]/300000, epoch: [5]/19, lr: [1.000]x1e-4, loss: [0.0034]
iter: [87800]/300000, epoch: [5]/19, lr: [1.000]x1e-4, loss: [0.0048]
iter: [87900]/300000, epoch: [5]/19, lr: [1.000]x1e-4, loss: [0.0046]
iter: [88000]/300000, epoch: [5]/19, lr: [1.000]x1e-4, loss: [0.0056]
iter: [88100]/300000, epoch: [5]/19, lr: [1.000]x1e-4, loss: [0.0045]
iter: [88200]/300000, epoch: [5]/19, lr: [1.000]x1e-4, loss: [0.0051]
iter: [88300]/300000, epoch: [5]/19, lr: [1.000]x1e-4, loss: [0.0039]
iter: [88400]/300000, epoch: [5]/19, lr: [1.000]x1e-4, loss: [0.0046]
iter: [88500]/300000, epoch: [5]/19, lr: [1.000]x1e-4, loss: [0.0049]
iter: [88600]/300000, epoch: [5]/19, lr: [1.000]x1e-4, loss: [0.0046]
iter: [88700]/300000, epoch: [5]/19, lr: [1.000]x1e-4, loss: [0.0044]
iter: [88800]/300000, epoch: [5]/19, lr: [1.000]x1e-4, loss: [0.0048]
iter: [88900]/300000, epoch: [5]/19, lr: [1.000]x1e-4, loss: [0.0041]
iter: [89000]/300000, epoch: [5]/19, lr: [1.000]x1e-4, loss: [0.0058]
iter: [89100]/300000, epoch: [5]/19, lr: [1.000]x1e-4, loss: [0.0046]
iter: [89200]/300000, epoch: [5]/19, lr: [1.000]x1e-4, loss: [0.0047]
iter: [89300]/300000, epoch: [5]/19, lr: [1.000]x1e-4, loss: [0.0051]
iter: [89400]/300000, epoch: [5]/19, lr: [1.000]x1e-4, loss: [0.0037]
iter: [89500]/300000, epoch: [5]/19, lr: [1.000]x1e-4, loss: [0.0046]
iter: [89600]/300000, epoch: [5]/19, lr: [1.000]x1e-4, loss: [0.0044]
iter: [89700]/300000, epoch: [5]/19, lr: [1.000]x1e-4, loss: [0.0035]
iter: [89800]/300000, epoch: [5]/19, lr: [1.000]x1e-4, loss: [0.0054]
iter: [89900]/300000, epoch: [5]/19, lr: [1.000]x1e-4, loss: [0.0050]
iter: [90000]/300000, epoch: [5]/19, lr: [1.000]x1e-4, loss: [0.0040]
iter: [90100]/300000, epoch: [5]/19, lr: [1.000]x1e-4, loss: [0.0050]
iter: [90200]/300000, epoch: [5]/19, lr: [1.000]x1e-4, loss: [0.0039]
iter: [90300]/300000, epoch: [5]/19, lr: [1.000]x1e-4, loss: [0.0080]
iter: [90400]/300000, epoch: [5]/19, lr: [1.000]x1e-4, loss: [0.0041]
iter: [90500]/300000, epoch: [5]/19, lr: [1.000]x1e-4, loss: [0.0040]
iter: [90600]/300000, epoch: [5]/19, lr: [1.000]x1e-4, loss: [0.0048]
iter: [90700]/300000, epoch: [5]/19, lr: [1.000]x1e-4, loss: [0.0057]
iter: [90800]/300000, epoch: [5]/19, lr: [1.000]x1e-4, loss: [0.0047]
iter: [90900]/300000, epoch: [5]/19, lr: [1.000]x1e-4, loss: [0.0050]
iter: [91000]/300000, epoch: [5]/19, lr: [1.000]x1e-4, loss: [0.0045]
iter: [91100]/300000, epoch: [5]/19, lr: [1.000]x1e-4, loss: [0.0026]
iter: [91200]/300000, epoch: [5]/19, lr: [1.000]x1e-4, loss: [0.0058]
iter: [91300]/300000, epoch: [5]/19, lr: [1.000]x1e-4, loss: [0.0040]
iter: [91400]/300000, epoch: [5]/19, lr: [1.000]x1e-4, loss: [0.0068]
iter: [91500]/300000, epoch: [5]/19, lr: [1.000]x1e-4, loss: [0.0033]
iter: [91600]/300000, epoch: [5]/19, lr: [1.000]x1e-4, loss: [0.0053]
iter: [91700]/300000, epoch: [5]/19, lr: [1.000]x1e-4, loss: [0.0050]
iter: [91800]/300000, epoch: [5]/19, lr: [1.000]x1e-4, loss: [0.0059]
iter: [91900]/300000, epoch: [5]/19, lr: [1.000]x1e-4, loss: [0.0046]
iter: [92000]/300000, epoch: [5]/19, lr: [1.000]x1e-4, loss: [0.0076]
iter: [92100]/300000, epoch: [5]/19, lr: [1.000]x1e-4, loss: [0.0055]
iter: [92200]/300000, epoch: [5]/19, lr: [1.000]x1e-4, loss: [0.0047]
iter: [92300]/300000, epoch: [5]/19, lr: [1.000]x1e-4, loss: [0.0044]
iter: [92400]/300000, epoch: [5]/19, lr: [1.000]x1e-4, loss: [0.0051]
iter: [92500]/300000, epoch: [5]/19, lr: [1.000]x1e-4, loss: [0.0038]
iter: [92600]/300000, epoch: [5]/19, lr: [1.000]x1e-4, loss: [0.0044]
iter: [92700]/300000, epoch: [5]/19, lr: [1.000]x1e-4, loss: [0.0048]
iter: [92800]/300000, epoch: [5]/19, lr: [1.000]x1e-4, loss: [0.0049]
iter: [92900]/300000, epoch: [5]/19, lr: [1.000]x1e-4, loss: [0.0042]
iter: [93000]/300000, epoch: [5]/19, lr: [1.000]x1e-4, loss: [0.0040]
iter: [93100]/300000, epoch: [5]/19, lr: [1.000]x1e-4, loss: [0.0049]
iter: [93200]/300000, epoch: [5]/19, lr: [1.000]x1e-4, loss: [0.0046]
iter: [93300]/300000, epoch: [5]/19, lr: [1.000]x1e-4, loss: [0.0058]
iter: [93400]/300000, epoch: [5]/19, lr: [1.000]x1e-4, loss: [0.0048]
iter: [93500]/300000, epoch: [5]/19, lr: [1.000]x1e-4, loss: [0.0076]
iter: [93600]/300000, epoch: [5]/19, lr: [1.000]x1e-4, loss: [0.0043]
iter: [93700]/300000, epoch: [5]/19, lr: [1.000]x1e-4, loss: [0.0041]
iter: [93800]/300000, epoch: [5]/19, lr: [1.000]x1e-4, loss: [0.0052]
iter: [93900]/300000, epoch: [5]/19, lr: [1.000]x1e-4, loss: [0.0059]
iter: [94000]/300000, epoch: [5]/19, lr: [1.000]x1e-4, loss: [0.0067]
iter: [94100]/300000, epoch: [5]/19, lr: [1.000]x1e-4, loss: [0.0050]
iter: [94200]/300000, epoch: [5]/19, lr: [1.000]x1e-4, loss: [0.0043]
iter: [94300]/300000, epoch: [5]/19, lr: [1.000]x1e-4, loss: [0.0084]
iter: [94400]/300000, epoch: [5]/19, lr: [1.000]x1e-4, loss: [0.0048]
iter: [94500]/300000, epoch: [5]/19, lr: [1.000]x1e-4, loss: [0.0035]
iter: [94600]/300000, epoch: [6]/19, lr: [1.000]x1e-4, loss: [0.0059]
iter: [94700]/300000, epoch: [6]/19, lr: [1.000]x1e-4, loss: [0.0046]
iter: [94800]/300000, epoch: [6]/19, lr: [1.000]x1e-4, loss: [0.0039]
iter: [94900]/300000, epoch: [6]/19, lr: [1.000]x1e-4, loss: [0.0064]
iter: [95000]/300000, epoch: [6]/19, lr: [1.000]x1e-4, loss: [0.0048]
iter: [95100]/300000, epoch: [6]/19, lr: [1.000]x1e-4, loss: [0.0032]
iter: [95200]/300000, epoch: [6]/19, lr: [1.000]x1e-4, loss: [0.0057]
iter: [95300]/300000, epoch: [6]/19, lr: [1.000]x1e-4, loss: [0.0058]
iter: [95400]/300000, epoch: [6]/19, lr: [1.000]x1e-4, loss: [0.0075]
iter: [95500]/300000, epoch: [6]/19, lr: [1.000]x1e-4, loss: [0.0042]
iter: [95600]/300000, epoch: [6]/19, lr: [1.000]x1e-4, loss: [0.0043]
iter: [95700]/300000, epoch: [6]/19, lr: [1.000]x1e-4, loss: [0.0057]
iter: [95800]/300000, epoch: [6]/19, lr: [1.000]x1e-4, loss: [0.0032]
iter: [95900]/300000, epoch: [6]/19, lr: [1.000]x1e-4, loss: [0.0026]
iter: [96000]/300000, epoch: [6]/19, lr: [1.000]x1e-4, loss: [0.0037]
iter: [96100]/300000, epoch: [6]/19, lr: [1.000]x1e-4, loss: [0.0046]
iter: [96200]/300000, epoch: [6]/19, lr: [1.000]x1e-4, loss: [0.0050]
iter: [96300]/300000, epoch: [6]/19, lr: [1.000]x1e-4, loss: [0.0048]
iter: [96400]/300000, epoch: [6]/19, lr: [1.000]x1e-4, loss: [0.0047]
iter: [96500]/300000, epoch: [6]/19, lr: [1.000]x1e-4, loss: [0.0050]
iter: [96600]/300000, epoch: [6]/19, lr: [1.000]x1e-4, loss: [0.0047]
iter: [96700]/300000, epoch: [6]/19, lr: [1.000]x1e-4, loss: [0.0023]
iter: [96800]/300000, epoch: [6]/19, lr: [1.000]x1e-4, loss: [0.0086]
iter: [96900]/300000, epoch: [6]/19, lr: [1.000]x1e-4, loss: [0.0036]
iter: [97000]/300000, epoch: [6]/19, lr: [1.000]x1e-4, loss: [0.0066]
iter: [97100]/300000, epoch: [6]/19, lr: [1.000]x1e-4, loss: [0.0032]
iter: [97200]/300000, epoch: [6]/19, lr: [1.000]x1e-4, loss: [0.0043]
iter: [97300]/300000, epoch: [6]/19, lr: [1.000]x1e-4, loss: [0.0060]
iter: [97400]/300000, epoch: [6]/19, lr: [1.000]x1e-4, loss: [0.0057]
iter: [97500]/300000, epoch: [6]/19, lr: [1.000]x1e-4, loss: [0.0047]
iter: [97600]/300000, epoch: [6]/19, lr: [1.000]x1e-4, loss: [0.0052]
iter: [97700]/300000, epoch: [6]/19, lr: [1.000]x1e-4, loss: [0.0044]
iter: [97800]/300000, epoch: [6]/19, lr: [1.000]x1e-4, loss: [0.0060]
iter: [97900]/300000, epoch: [6]/19, lr: [1.000]x1e-4, loss: [0.0044]
iter: [98000]/300000, epoch: [6]/19, lr: [1.000]x1e-4, loss: [0.0040]
iter: [98100]/300000, epoch: [6]/19, lr: [1.000]x1e-4, loss: [0.0057]
iter: [98200]/300000, epoch: [6]/19, lr: [1.000]x1e-4, loss: [0.0044]
iter: [98300]/300000, epoch: [6]/19, lr: [1.000]x1e-4, loss: [0.0030]
iter: [98400]/300000, epoch: [6]/19, lr: [1.000]x1e-4, loss: [0.0042]
iter: [98500]/300000, epoch: [6]/19, lr: [1.000]x1e-4, loss: [0.0056]
iter: [98600]/300000, epoch: [6]/19, lr: [1.000]x1e-4, loss: [0.0029]
iter: [98700]/300000, epoch: [6]/19, lr: [1.000]x1e-4, loss: [0.0032]
iter: [98800]/300000, epoch: [6]/19, lr: [1.000]x1e-4, loss: [0.0037]
iter: [98900]/300000, epoch: [6]/19, lr: [1.000]x1e-4, loss: [0.0042]
iter: [99000]/300000, epoch: [6]/19, lr: [1.000]x1e-4, loss: [0.0042]
iter: [99100]/300000, epoch: [6]/19, lr: [1.000]x1e-4, loss: [0.0052]
iter: [99200]/300000, epoch: [6]/19, lr: [1.000]x1e-4, loss: [0.0044]
iter: [99300]/300000, epoch: [6]/19, lr: [1.000]x1e-4, loss: [0.0056]
iter: [99400]/300000, epoch: [6]/19, lr: [1.000]x1e-4, loss: [0.0055]
iter: [99500]/300000, epoch: [6]/19, lr: [1.000]x1e-4, loss: [0.0038]
iter: [99600]/300000, epoch: [6]/19, lr: [1.000]x1e-4, loss: [0.0045]
iter: [99700]/300000, epoch: [6]/19, lr: [1.000]x1e-4, loss: [0.0038]
iter: [99800]/300000, epoch: [6]/19, lr: [1.000]x1e-4, loss: [0.0045]
iter: [99900]/300000, epoch: [6]/19, lr: [1.000]x1e-4, loss: [0.0047]
iter: [100000]/300000, epoch: [6]/19, lr: [1.000]x1e-4, loss: [0.0050]
iter: [100100]/300000, epoch: [6]/19, lr: [1.000]x1e-4, loss: [0.0047]
iter: [100200]/300000, epoch: [6]/19, lr: [1.000]x1e-4, loss: [0.0068]
iter: [100300]/300000, epoch: [6]/19, lr: [1.000]x1e-4, loss: [0.0038]
iter: [100400]/300000, epoch: [6]/19, lr: [1.000]x1e-4, loss: [0.0053]
iter: [100500]/300000, epoch: [6]/19, lr: [1.000]x1e-4, loss: [0.0049]
iter: [100600]/300000, epoch: [6]/19, lr: [1.000]x1e-4, loss: [0.0075]
iter: [100700]/300000, epoch: [6]/19, lr: [1.000]x1e-4, loss: [0.0036]
iter: [100800]/300000, epoch: [6]/19, lr: [1.000]x1e-4, loss: [0.0050]
iter: [100900]/300000, epoch: [6]/19, lr: [1.000]x1e-4, loss: [0.0031]
iter: [101000]/300000, epoch: [6]/19, lr: [1.000]x1e-4, loss: [0.0042]
iter: [101100]/300000, epoch: [6]/19, lr: [1.000]x1e-4, loss: [0.0060]
iter: [101200]/300000, epoch: [6]/19, lr: [1.000]x1e-4, loss: [0.0048]
iter: [101300]/300000, epoch: [6]/19, lr: [1.000]x1e-4, loss: [0.0045]
iter: [101400]/300000, epoch: [6]/19, lr: [1.000]x1e-4, loss: [0.0049]
iter: [101500]/300000, epoch: [6]/19, lr: [1.000]x1e-4, loss: [0.0043]
iter: [101600]/300000, epoch: [6]/19, lr: [1.000]x1e-4, loss: [0.0062]
iter: [101700]/300000, epoch: [6]/19, lr: [1.000]x1e-4, loss: [0.0035]
iter: [101800]/300000, epoch: [6]/19, lr: [1.000]x1e-4, loss: [0.0051]
iter: [101900]/300000, epoch: [6]/19, lr: [1.000]x1e-4, loss: [0.0057]
iter: [102000]/300000, epoch: [6]/19, lr: [1.000]x1e-4, loss: [0.0056]
iter: [102100]/300000, epoch: [6]/19, lr: [1.000]x1e-4, loss: [0.0057]
iter: [102200]/300000, epoch: [6]/19, lr: [1.000]x1e-4, loss: [0.0050]
iter: [102300]/300000, epoch: [6]/19, lr: [1.000]x1e-4, loss: [0.0051]
iter: [102400]/300000, epoch: [6]/19, lr: [1.000]x1e-4, loss: [0.0041]
iter: [102500]/300000, epoch: [6]/19, lr: [1.000]x1e-4, loss: [0.0057]
iter: [102600]/300000, epoch: [6]/19, lr: [1.000]x1e-4, loss: [0.0062]
iter: [102700]/300000, epoch: [6]/19, lr: [1.000]x1e-4, loss: [0.0034]
iter: [102800]/300000, epoch: [6]/19, lr: [1.000]x1e-4, loss: [0.0048]
iter: [102900]/300000, epoch: [6]/19, lr: [1.000]x1e-4, loss: [0.0048]
iter: [103000]/300000, epoch: [6]/19, lr: [1.000]x1e-4, loss: [0.0050]
iter: [103100]/300000, epoch: [6]/19, lr: [1.000]x1e-4, loss: [0.0078]
iter: [103200]/300000, epoch: [6]/19, lr: [1.000]x1e-4, loss: [0.0047]
iter: [103300]/300000, epoch: [6]/19, lr: [1.000]x1e-4, loss: [0.0043]
iter: [103400]/300000, epoch: [6]/19, lr: [1.000]x1e-4, loss: [0.0079]
iter: [103500]/300000, epoch: [6]/19, lr: [1.000]x1e-4, loss: [0.0041]
iter: [103600]/300000, epoch: [6]/19, lr: [1.000]x1e-4, loss: [0.0041]
iter: [103700]/300000, epoch: [6]/19, lr: [1.000]x1e-4, loss: [0.0050]
iter: [103800]/300000, epoch: [6]/19, lr: [1.000]x1e-4, loss: [0.0055]
iter: [103900]/300000, epoch: [6]/19, lr: [1.000]x1e-4, loss: [0.0054]
iter: [104000]/300000, epoch: [6]/19, lr: [1.000]x1e-4, loss: [0.0048]
iter: [104100]/300000, epoch: [6]/19, lr: [1.000]x1e-4, loss: [0.0040]
iter: [104200]/300000, epoch: [6]/19, lr: [1.000]x1e-4, loss: [0.0052]
iter: [104300]/300000, epoch: [6]/19, lr: [1.000]x1e-4, loss: [0.0053]
iter: [104400]/300000, epoch: [6]/19, lr: [1.000]x1e-4, loss: [0.0049]
iter: [104500]/300000, epoch: [6]/19, lr: [1.000]x1e-4, loss: [0.0086]
iter: [104600]/300000, epoch: [6]/19, lr: [1.000]x1e-4, loss: [0.0052]
iter: [104700]/300000, epoch: [6]/19, lr: [1.000]x1e-4, loss: [0.0053]
iter: [104800]/300000, epoch: [6]/19, lr: [1.000]x1e-4, loss: [0.0033]
iter: [104900]/300000, epoch: [6]/19, lr: [1.000]x1e-4, loss: [0.0048]
iter: [105000]/300000, epoch: [6]/19, lr: [1.000]x1e-4, loss: [0.0047]
iter: [105100]/300000, epoch: [6]/19, lr: [1.000]x1e-4, loss: [0.0040]
iter: [105200]/300000, epoch: [6]/19, lr: [1.000]x1e-4, loss: [0.0035]
iter: [105300]/300000, epoch: [6]/19, lr: [1.000]x1e-4, loss: [0.0063]
iter: [105400]/300000, epoch: [6]/19, lr: [1.000]x1e-4, loss: [0.0061]
iter: [105500]/300000, epoch: [6]/19, lr: [1.000]x1e-4, loss: [0.0058]
iter: [105600]/300000, epoch: [6]/19, lr: [1.000]x1e-4, loss: [0.0069]
iter: [105700]/300000, epoch: [6]/19, lr: [1.000]x1e-4, loss: [0.0063]
iter: [105800]/300000, epoch: [6]/19, lr: [1.000]x1e-4, loss: [0.0049]
iter: [105900]/300000, epoch: [6]/19, lr: [1.000]x1e-4, loss: [0.0047]
iter: [106000]/300000, epoch: [6]/19, lr: [1.000]x1e-4, loss: [0.0069]
iter: [106100]/300000, epoch: [6]/19, lr: [1.000]x1e-4, loss: [0.0030]
iter: [106200]/300000, epoch: [6]/19, lr: [1.000]x1e-4, loss: [0.0042]
iter: [106300]/300000, epoch: [6]/19, lr: [1.000]x1e-4, loss: [0.0036]
iter: [106400]/300000, epoch: [6]/19, lr: [1.000]x1e-4, loss: [0.0042]
iter: [106500]/300000, epoch: [6]/19, lr: [1.000]x1e-4, loss: [0.0038]
iter: [106600]/300000, epoch: [6]/19, lr: [1.000]x1e-4, loss: [0.0060]
iter: [106700]/300000, epoch: [6]/19, lr: [1.000]x1e-4, loss: [0.0037]
iter: [106800]/300000, epoch: [6]/19, lr: [1.000]x1e-4, loss: [0.0052]
iter: [106900]/300000, epoch: [6]/19, lr: [1.000]x1e-4, loss: [0.0057]
iter: [107000]/300000, epoch: [6]/19, lr: [1.000]x1e-4, loss: [0.0040]
iter: [107100]/300000, epoch: [6]/19, lr: [1.000]x1e-4, loss: [0.0055]
iter: [107200]/300000, epoch: [6]/19, lr: [1.000]x1e-4, loss: [0.0064]
iter: [107300]/300000, epoch: [6]/19, lr: [1.000]x1e-4, loss: [0.0057]
iter: [107400]/300000, epoch: [6]/19, lr: [1.000]x1e-4, loss: [0.0053]
iter: [107500]/300000, epoch: [6]/19, lr: [1.000]x1e-4, loss: [0.0038]
iter: [107600]/300000, epoch: [6]/19, lr: [1.000]x1e-4, loss: [0.0054]
iter: [107700]/300000, epoch: [6]/19, lr: [1.000]x1e-4, loss: [0.0045]
iter: [107800]/300000, epoch: [6]/19, lr: [1.000]x1e-4, loss: [0.0040]
iter: [107900]/300000, epoch: [6]/19, lr: [1.000]x1e-4, loss: [0.0043]
iter: [108000]/300000, epoch: [6]/19, lr: [1.000]x1e-4, loss: [0.0031]
iter: [108100]/300000, epoch: [6]/19, lr: [1.000]x1e-4, loss: [0.0049]
iter: [108200]/300000, epoch: [6]/19, lr: [1.000]x1e-4, loss: [0.0078]
iter: [108300]/300000, epoch: [6]/19, lr: [1.000]x1e-4, loss: [0.0068]
iter: [108400]/300000, epoch: [6]/19, lr: [1.000]x1e-4, loss: [0.0033]
iter: [108500]/300000, epoch: [6]/19, lr: [1.000]x1e-4, loss: [0.0042]
iter: [108600]/300000, epoch: [6]/19, lr: [1.000]x1e-4, loss: [0.0036]
iter: [108700]/300000, epoch: [6]/19, lr: [1.000]x1e-4, loss: [0.0049]
iter: [108800]/300000, epoch: [6]/19, lr: [1.000]x1e-4, loss: [0.0034]
iter: [108900]/300000, epoch: [6]/19, lr: [1.000]x1e-4, loss: [0.0072]
iter: [109000]/300000, epoch: [6]/19, lr: [1.000]x1e-4, loss: [0.0063]
iter: [109100]/300000, epoch: [6]/19, lr: [1.000]x1e-4, loss: [0.0057]
iter: [109200]/300000, epoch: [6]/19, lr: [1.000]x1e-4, loss: [0.0048]
iter: [109300]/300000, epoch: [6]/19, lr: [1.000]x1e-4, loss: [0.0035]
iter: [109400]/300000, epoch: [6]/19, lr: [1.000]x1e-4, loss: [0.0028]
iter: [109500]/300000, epoch: [6]/19, lr: [1.000]x1e-4, loss: [0.0066]
iter: [109600]/300000, epoch: [6]/19, lr: [1.000]x1e-4, loss: [0.0049]
iter: [109700]/300000, epoch: [6]/19, lr: [1.000]x1e-4, loss: [0.0046]
iter: [109800]/300000, epoch: [6]/19, lr: [1.000]x1e-4, loss: [0.0053]
iter: [109900]/300000, epoch: [6]/19, lr: [1.000]x1e-4, loss: [0.0064]
iter: [110000]/300000, epoch: [6]/19, lr: [1.000]x1e-4, loss: [0.0041]
iter: [110100]/300000, epoch: [6]/19, lr: [1.000]x1e-4, loss: [0.0050]
iter: [110200]/300000, epoch: [6]/19, lr: [1.000]x1e-4, loss: [0.0064]
iter: [110300]/300000, epoch: [7]/19, lr: [1.000]x1e-4, loss: [0.0056]
iter: [110400]/300000, epoch: [7]/19, lr: [1.000]x1e-4, loss: [0.0036]
iter: [110500]/300000, epoch: [7]/19, lr: [1.000]x1e-4, loss: [0.0049]
iter: [110600]/300000, epoch: [7]/19, lr: [1.000]x1e-4, loss: [0.0055]
iter: [110700]/300000, epoch: [7]/19, lr: [1.000]x1e-4, loss: [0.0043]
iter: [110800]/300000, epoch: [7]/19, lr: [1.000]x1e-4, loss: [0.0033]
iter: [110900]/300000, epoch: [7]/19, lr: [1.000]x1e-4, loss: [0.0039]
iter: [111000]/300000, epoch: [7]/19, lr: [1.000]x1e-4, loss: [0.0057]
iter: [111100]/300000, epoch: [7]/19, lr: [1.000]x1e-4, loss: [0.0055]
iter: [111200]/300000, epoch: [7]/19, lr: [1.000]x1e-4, loss: [0.0052]
iter: [111300]/300000, epoch: [7]/19, lr: [1.000]x1e-4, loss: [0.0049]
iter: [111400]/300000, epoch: [7]/19, lr: [1.000]x1e-4, loss: [0.0048]
iter: [111500]/300000, epoch: [7]/19, lr: [1.000]x1e-4, loss: [0.0051]
iter: [111600]/300000, epoch: [7]/19, lr: [1.000]x1e-4, loss: [0.0059]
iter: [111700]/300000, epoch: [7]/19, lr: [1.000]x1e-4, loss: [0.0052]
iter: [111800]/300000, epoch: [7]/19, lr: [1.000]x1e-4, loss: [0.0046]
iter: [111900]/300000, epoch: [7]/19, lr: [1.000]x1e-4, loss: [0.0052]
iter: [112000]/300000, epoch: [7]/19, lr: [1.000]x1e-4, loss: [0.0047]
iter: [112100]/300000, epoch: [7]/19, lr: [1.000]x1e-4, loss: [0.0043]
iter: [112200]/300000, epoch: [7]/19, lr: [1.000]x1e-4, loss: [0.0035]
iter: [112300]/300000, epoch: [7]/19, lr: [1.000]x1e-4, loss: [0.0062]
iter: [112400]/300000, epoch: [7]/19, lr: [1.000]x1e-4, loss: [0.0072]
iter: [112500]/300000, epoch: [7]/19, lr: [1.000]x1e-4, loss: [0.0062]
iter: [112600]/300000, epoch: [7]/19, lr: [1.000]x1e-4, loss: [0.0065]
iter: [112700]/300000, epoch: [7]/19, lr: [1.000]x1e-4, loss: [0.0066]
iter: [112800]/300000, epoch: [7]/19, lr: [1.000]x1e-4, loss: [0.0058]
iter: [112900]/300000, epoch: [7]/19, lr: [1.000]x1e-4, loss: [0.0043]
iter: [113000]/300000, epoch: [7]/19, lr: [1.000]x1e-4, loss: [0.0071]
iter: [113100]/300000, epoch: [7]/19, lr: [1.000]x1e-4, loss: [0.0056]
iter: [113200]/300000, epoch: [7]/19, lr: [1.000]x1e-4, loss: [0.0039]
iter: [113300]/300000, epoch: [7]/19, lr: [1.000]x1e-4, loss: [0.0046]
iter: [113400]/300000, epoch: [7]/19, lr: [1.000]x1e-4, loss: [0.0035]
iter: [113500]/300000, epoch: [7]/19, lr: [1.000]x1e-4, loss: [0.0058]
iter: [113600]/300000, epoch: [7]/19, lr: [1.000]x1e-4, loss: [0.0038]
iter: [113700]/300000, epoch: [7]/19, lr: [1.000]x1e-4, loss: [0.0059]
iter: [113800]/300000, epoch: [7]/19, lr: [1.000]x1e-4, loss: [0.0051]
iter: [113900]/300000, epoch: [7]/19, lr: [1.000]x1e-4, loss: [0.0046]
iter: [114000]/300000, epoch: [7]/19, lr: [1.000]x1e-4, loss: [0.0046]
iter: [114100]/300000, epoch: [7]/19, lr: [1.000]x1e-4, loss: [0.0053]
iter: [114200]/300000, epoch: [7]/19, lr: [1.000]x1e-4, loss: [0.0050]
iter: [114300]/300000, epoch: [7]/19, lr: [1.000]x1e-4, loss: [0.0052]
iter: [114400]/300000, epoch: [7]/19, lr: [1.000]x1e-4, loss: [0.0037]
iter: [114500]/300000, epoch: [7]/19, lr: [1.000]x1e-4, loss: [0.0048]
iter: [114600]/300000, epoch: [7]/19, lr: [1.000]x1e-4, loss: [0.0054]
iter: [114700]/300000, epoch: [7]/19, lr: [1.000]x1e-4, loss: [0.0067]
iter: [114800]/300000, epoch: [7]/19, lr: [1.000]x1e-4, loss: [0.0036]
iter: [114900]/300000, epoch: [7]/19, lr: [1.000]x1e-4, loss: [0.0072]
iter: [115000]/300000, epoch: [7]/19, lr: [1.000]x1e-4, loss: [0.0059]
iter: [115100]/300000, epoch: [7]/19, lr: [1.000]x1e-4, loss: [0.0047]
iter: [115200]/300000, epoch: [7]/19, lr: [1.000]x1e-4, loss: [0.0061]
iter: [115300]/300000, epoch: [7]/19, lr: [1.000]x1e-4, loss: [0.0043]
iter: [115400]/300000, epoch: [7]/19, lr: [1.000]x1e-4, loss: [0.0059]
iter: [115500]/300000, epoch: [7]/19, lr: [1.000]x1e-4, loss: [0.0053]
iter: [115600]/300000, epoch: [7]/19, lr: [1.000]x1e-4, loss: [0.0039]
iter: [115700]/300000, epoch: [7]/19, lr: [1.000]x1e-4, loss: [0.0037]
iter: [115800]/300000, epoch: [7]/19, lr: [1.000]x1e-4, loss: [0.0041]
iter: [115900]/300000, epoch: [7]/19, lr: [1.000]x1e-4, loss: [0.0065]
iter: [116000]/300000, epoch: [7]/19, lr: [1.000]x1e-4, loss: [0.0053]
iter: [116100]/300000, epoch: [7]/19, lr: [1.000]x1e-4, loss: [0.0082]
iter: [116200]/300000, epoch: [7]/19, lr: [1.000]x1e-4, loss: [0.0039]
iter: [116300]/300000, epoch: [7]/19, lr: [1.000]x1e-4, loss: [0.0055]
iter: [116400]/300000, epoch: [7]/19, lr: [1.000]x1e-4, loss: [0.0043]
iter: [116500]/300000, epoch: [7]/19, lr: [1.000]x1e-4, loss: [0.0065]
iter: [116600]/300000, epoch: [7]/19, lr: [1.000]x1e-4, loss: [0.0057]
iter: [116700]/300000, epoch: [7]/19, lr: [1.000]x1e-4, loss: [0.0036]
iter: [116800]/300000, epoch: [7]/19, lr: [1.000]x1e-4, loss: [0.0048]
iter: [116900]/300000, epoch: [7]/19, lr: [1.000]x1e-4, loss: [0.0051]
iter: [117000]/300000, epoch: [7]/19, lr: [1.000]x1e-4, loss: [0.0026]
iter: [117100]/300000, epoch: [7]/19, lr: [1.000]x1e-4, loss: [0.0056]
iter: [117200]/300000, epoch: [7]/19, lr: [1.000]x1e-4, loss: [0.0055]
iter: [117300]/300000, epoch: [7]/19, lr: [1.000]x1e-4, loss: [0.0046]
iter: [117400]/300000, epoch: [7]/19, lr: [1.000]x1e-4, loss: [0.0068]
iter: [117500]/300000, epoch: [7]/19, lr: [1.000]x1e-4, loss: [0.0050]
iter: [117600]/300000, epoch: [7]/19, lr: [1.000]x1e-4, loss: [0.0053]
iter: [117700]/300000, epoch: [7]/19, lr: [1.000]x1e-4, loss: [0.0041]
iter: [117800]/300000, epoch: [7]/19, lr: [1.000]x1e-4, loss: [0.0054]
iter: [117900]/300000, epoch: [7]/19, lr: [1.000]x1e-4, loss: [0.0079]
iter: [118000]/300000, epoch: [7]/19, lr: [1.000]x1e-4, loss: [0.0066]
iter: [118100]/300000, epoch: [7]/19, lr: [1.000]x1e-4, loss: [0.0045]
iter: [118200]/300000, epoch: [7]/19, lr: [1.000]x1e-4, loss: [0.0041]
iter: [118300]/300000, epoch: [7]/19, lr: [1.000]x1e-4, loss: [0.0049]
iter: [118400]/300000, epoch: [7]/19, lr: [1.000]x1e-4, loss: [0.0023]
iter: [118500]/300000, epoch: [7]/19, lr: [1.000]x1e-4, loss: [0.0046]
iter: [118600]/300000, epoch: [7]/19, lr: [1.000]x1e-4, loss: [0.0044]
iter: [118700]/300000, epoch: [7]/19, lr: [1.000]x1e-4, loss: [0.0069]
iter: [118800]/300000, epoch: [7]/19, lr: [1.000]x1e-4, loss: [0.0024]
iter: [118900]/300000, epoch: [7]/19, lr: [1.000]x1e-4, loss: [0.0056]
iter: [119000]/300000, epoch: [7]/19, lr: [1.000]x1e-4, loss: [0.0042]
iter: [119100]/300000, epoch: [7]/19, lr: [1.000]x1e-4, loss: [0.0056]
iter: [119200]/300000, epoch: [7]/19, lr: [1.000]x1e-4, loss: [0.0046]
iter: [119300]/300000, epoch: [7]/19, lr: [1.000]x1e-4, loss: [0.0044]
iter: [119400]/300000, epoch: [7]/19, lr: [1.000]x1e-4, loss: [0.0044]
iter: [119500]/300000, epoch: [7]/19, lr: [1.000]x1e-4, loss: [0.0049]
iter: [119600]/300000, epoch: [7]/19, lr: [1.000]x1e-4, loss: [0.0037]
iter: [119700]/300000, epoch: [7]/19, lr: [1.000]x1e-4, loss: [0.0045]
iter: [119800]/300000, epoch: [7]/19, lr: [1.000]x1e-4, loss: [0.0040]
iter: [119900]/300000, epoch: [7]/19, lr: [1.000]x1e-4, loss: [0.0049]
iter: [120000]/300000, epoch: [7]/19, lr: [1.000]x1e-4, loss: [0.0037]
iter: [120100]/300000, epoch: [7]/19, lr: [1.000]x1e-4, loss: [0.0055]
iter: [120200]/300000, epoch: [7]/19, lr: [1.000]x1e-4, loss: [0.0058]
iter: [120300]/300000, epoch: [7]/19, lr: [1.000]x1e-4, loss: [0.0047]
iter: [120400]/300000, epoch: [7]/19, lr: [1.000]x1e-4, loss: [0.0046]
iter: [120500]/300000, epoch: [7]/19, lr: [1.000]x1e-4, loss: [0.0046]
iter: [120600]/300000, epoch: [7]/19, lr: [1.000]x1e-4, loss: [0.0052]
iter: [120700]/300000, epoch: [7]/19, lr: [1.000]x1e-4, loss: [0.0047]
iter: [120800]/300000, epoch: [7]/19, lr: [1.000]x1e-4, loss: [0.0067]
iter: [120900]/300000, epoch: [7]/19, lr: [1.000]x1e-4, loss: [0.0050]
iter: [121000]/300000, epoch: [7]/19, lr: [1.000]x1e-4, loss: [0.0037]
iter: [121100]/300000, epoch: [7]/19, lr: [1.000]x1e-4, loss: [0.0036]
iter: [121200]/300000, epoch: [7]/19, lr: [1.000]x1e-4, loss: [0.0047]
iter: [121300]/300000, epoch: [7]/19, lr: [1.000]x1e-4, loss: [0.0038]
iter: [121400]/300000, epoch: [7]/19, lr: [1.000]x1e-4, loss: [0.0077]
iter: [121500]/300000, epoch: [7]/19, lr: [1.000]x1e-4, loss: [0.0066]
iter: [121600]/300000, epoch: [7]/19, lr: [1.000]x1e-4, loss: [0.0064]
iter: [121700]/300000, epoch: [7]/19, lr: [1.000]x1e-4, loss: [0.0041]
iter: [121800]/300000, epoch: [7]/19, lr: [1.000]x1e-4, loss: [0.0045]
iter: [121900]/300000, epoch: [7]/19, lr: [1.000]x1e-4, loss: [0.0043]
iter: [122000]/300000, epoch: [7]/19, lr: [1.000]x1e-4, loss: [0.0057]
iter: [122100]/300000, epoch: [7]/19, lr: [1.000]x1e-4, loss: [0.0045]
iter: [122200]/300000, epoch: [7]/19, lr: [1.000]x1e-4, loss: [0.0041]
iter: [122300]/300000, epoch: [7]/19, lr: [1.000]x1e-4, loss: [0.0057]
iter: [122400]/300000, epoch: [7]/19, lr: [1.000]x1e-4, loss: [0.0040]
iter: [122500]/300000, epoch: [7]/19, lr: [1.000]x1e-4, loss: [0.0048]
iter: [122600]/300000, epoch: [7]/19, lr: [1.000]x1e-4, loss: [0.0046]
iter: [122700]/300000, epoch: [7]/19, lr: [1.000]x1e-4, loss: [0.0045]
iter: [122800]/300000, epoch: [7]/19, lr: [1.000]x1e-4, loss: [0.0045]
iter: [122900]/300000, epoch: [7]/19, lr: [1.000]x1e-4, loss: [0.0049]
iter: [123000]/300000, epoch: [7]/19, lr: [1.000]x1e-4, loss: [0.0043]
iter: [123100]/300000, epoch: [7]/19, lr: [1.000]x1e-4, loss: [0.0058]
iter: [123200]/300000, epoch: [7]/19, lr: [1.000]x1e-4, loss: [0.0046]
iter: [123300]/300000, epoch: [7]/19, lr: [1.000]x1e-4, loss: [0.0055]
iter: [123400]/300000, epoch: [7]/19, lr: [1.000]x1e-4, loss: [0.0034]
iter: [123500]/300000, epoch: [7]/19, lr: [1.000]x1e-4, loss: [0.0055]
iter: [123600]/300000, epoch: [7]/19, lr: [1.000]x1e-4, loss: [0.0043]
iter: [123700]/300000, epoch: [7]/19, lr: [1.000]x1e-4, loss: [0.0046]
iter: [123800]/300000, epoch: [7]/19, lr: [1.000]x1e-4, loss: [0.0057]
iter: [123900]/300000, epoch: [7]/19, lr: [1.000]x1e-4, loss: [0.0040]
iter: [124000]/300000, epoch: [7]/19, lr: [1.000]x1e-4, loss: [0.0068]
iter: [124100]/300000, epoch: [7]/19, lr: [1.000]x1e-4, loss: [0.0045]
iter: [124200]/300000, epoch: [7]/19, lr: [1.000]x1e-4, loss: [0.0061]
iter: [124300]/300000, epoch: [7]/19, lr: [1.000]x1e-4, loss: [0.0078]
iter: [124400]/300000, epoch: [7]/19, lr: [1.000]x1e-4, loss: [0.0065]
iter: [124500]/300000, epoch: [7]/19, lr: [1.000]x1e-4, loss: [0.0052]
iter: [124600]/300000, epoch: [7]/19, lr: [1.000]x1e-4, loss: [0.0037]
iter: [124700]/300000, epoch: [7]/19, lr: [1.000]x1e-4, loss: [0.0069]
iter: [124800]/300000, epoch: [7]/19, lr: [1.000]x1e-4, loss: [0.0079]
iter: [124900]/300000, epoch: [7]/19, lr: [1.000]x1e-4, loss: [0.0063]
iter: [125000]/300000, epoch: [7]/19, lr: [1.000]x1e-4, loss: [0.0046]
iter: [125100]/300000, epoch: [7]/19, lr: [1.000]x1e-4, loss: [0.0056]
iter: [125200]/300000, epoch: [7]/19, lr: [1.000]x1e-4, loss: [0.0048]
iter: [125300]/300000, epoch: [7]/19, lr: [1.000]x1e-4, loss: [0.0072]
iter: [125400]/300000, epoch: [7]/19, lr: [1.000]x1e-4, loss: [0.0051]
iter: [125500]/300000, epoch: [7]/19, lr: [1.000]x1e-4, loss: [0.0057]
iter: [125600]/300000, epoch: [7]/19, lr: [1.000]x1e-4, loss: [0.0038]
iter: [125700]/300000, epoch: [7]/19, lr: [1.000]x1e-4, loss: [0.0056]
iter: [125800]/300000, epoch: [7]/19, lr: [1.000]x1e-4, loss: [0.0069]
iter: [125900]/300000, epoch: [7]/19, lr: [1.000]x1e-4, loss: [0.0051]
iter: [126000]/300000, epoch: [7]/19, lr: [1.000]x1e-4, loss: [0.0044]
iter: [126100]/300000, epoch: [8]/19, lr: [1.000]x1e-4, loss: [0.0039]
iter: [126200]/300000, epoch: [8]/19, lr: [1.000]x1e-4, loss: [0.0041]
iter: [126300]/300000, epoch: [8]/19, lr: [1.000]x1e-4, loss: [0.0050]
iter: [126400]/300000, epoch: [8]/19, lr: [1.000]x1e-4, loss: [0.0052]
iter: [126500]/300000, epoch: [8]/19, lr: [1.000]x1e-4, loss: [0.0037]
iter: [126600]/300000, epoch: [8]/19, lr: [1.000]x1e-4, loss: [0.0052]
iter: [126700]/300000, epoch: [8]/19, lr: [1.000]x1e-4, loss: [0.0061]
iter: [126800]/300000, epoch: [8]/19, lr: [1.000]x1e-4, loss: [0.0042]
iter: [126900]/300000, epoch: [8]/19, lr: [1.000]x1e-4, loss: [0.0052]
iter: [127000]/300000, epoch: [8]/19, lr: [1.000]x1e-4, loss: [0.0045]
iter: [127100]/300000, epoch: [8]/19, lr: [1.000]x1e-4, loss: [0.0056]
iter: [127200]/300000, epoch: [8]/19, lr: [1.000]x1e-4, loss: [0.0035]
iter: [127300]/300000, epoch: [8]/19, lr: [1.000]x1e-4, loss: [0.0052]
iter: [127400]/300000, epoch: [8]/19, lr: [1.000]x1e-4, loss: [0.0055]
iter: [127500]/300000, epoch: [8]/19, lr: [1.000]x1e-4, loss: [0.0048]
iter: [127600]/300000, epoch: [8]/19, lr: [1.000]x1e-4, loss: [0.0032]
iter: [127700]/300000, epoch: [8]/19, lr: [1.000]x1e-4, loss: [0.0054]
iter: [127800]/300000, epoch: [8]/19, lr: [1.000]x1e-4, loss: [0.0046]
iter: [127900]/300000, epoch: [8]/19, lr: [1.000]x1e-4, loss: [0.0039]
iter: [128000]/300000, epoch: [8]/19, lr: [1.000]x1e-4, loss: [0.0046]
iter: [128100]/300000, epoch: [8]/19, lr: [1.000]x1e-4, loss: [0.0027]
iter: [128200]/300000, epoch: [8]/19, lr: [1.000]x1e-4, loss: [0.0068]
iter: [128300]/300000, epoch: [8]/19, lr: [1.000]x1e-4, loss: [0.0051]
iter: [128400]/300000, epoch: [8]/19, lr: [1.000]x1e-4, loss: [0.0037]
iter: [128500]/300000, epoch: [8]/19, lr: [1.000]x1e-4, loss: [0.0039]
iter: [128600]/300000, epoch: [8]/19, lr: [1.000]x1e-4, loss: [0.0065]
iter: [128700]/300000, epoch: [8]/19, lr: [1.000]x1e-4, loss: [0.0052]
iter: [128800]/300000, epoch: [8]/19, lr: [1.000]x1e-4, loss: [0.0050]
iter: [128900]/300000, epoch: [8]/19, lr: [1.000]x1e-4, loss: [0.0054]
iter: [129000]/300000, epoch: [8]/19, lr: [1.000]x1e-4, loss: [0.0045]
iter: [129100]/300000, epoch: [8]/19, lr: [1.000]x1e-4, loss: [0.0038]
iter: [129200]/300000, epoch: [8]/19, lr: [1.000]x1e-4, loss: [0.0035]
iter: [129300]/300000, epoch: [8]/19, lr: [1.000]x1e-4, loss: [0.0052]
iter: [129400]/300000, epoch: [8]/19, lr: [1.000]x1e-4, loss: [0.0051]
iter: [129500]/300000, epoch: [8]/19, lr: [1.000]x1e-4, loss: [0.0056]
iter: [129600]/300000, epoch: [8]/19, lr: [1.000]x1e-4, loss: [0.0036]
iter: [129700]/300000, epoch: [8]/19, lr: [1.000]x1e-4, loss: [0.0055]
iter: [129800]/300000, epoch: [8]/19, lr: [1.000]x1e-4, loss: [0.0054]
iter: [129900]/300000, epoch: [8]/19, lr: [1.000]x1e-4, loss: [0.0040]
iter: [130000]/300000, epoch: [8]/19, lr: [1.000]x1e-4, loss: [0.0067]
iter: [130100]/300000, epoch: [8]/19, lr: [1.000]x1e-4, loss: [0.0033]
iter: [130200]/300000, epoch: [8]/19, lr: [1.000]x1e-4, loss: [0.0049]
iter: [130300]/300000, epoch: [8]/19, lr: [1.000]x1e-4, loss: [0.0063]
iter: [130400]/300000, epoch: [8]/19, lr: [1.000]x1e-4, loss: [0.0054]
iter: [130500]/300000, epoch: [8]/19, lr: [1.000]x1e-4, loss: [0.0042]
iter: [130600]/300000, epoch: [8]/19, lr: [1.000]x1e-4, loss: [0.0042]
iter: [130700]/300000, epoch: [8]/19, lr: [1.000]x1e-4, loss: [0.0053]
iter: [130800]/300000, epoch: [8]/19, lr: [1.000]x1e-4, loss: [0.0076]
iter: [130900]/300000, epoch: [8]/19, lr: [1.000]x1e-4, loss: [0.0037]
iter: [131000]/300000, epoch: [8]/19, lr: [1.000]x1e-4, loss: [0.0042]
iter: [131100]/300000, epoch: [8]/19, lr: [1.000]x1e-4, loss: [0.0039]
iter: [131200]/300000, epoch: [8]/19, lr: [1.000]x1e-4, loss: [0.0045]
iter: [131300]/300000, epoch: [8]/19, lr: [1.000]x1e-4, loss: [0.0050]
iter: [131400]/300000, epoch: [8]/19, lr: [1.000]x1e-4, loss: [0.0064]
iter: [131500]/300000, epoch: [8]/19, lr: [1.000]x1e-4, loss: [0.0040]
iter: [131600]/300000, epoch: [8]/19, lr: [1.000]x1e-4, loss: [0.0054]
iter: [131700]/300000, epoch: [8]/19, lr: [1.000]x1e-4, loss: [0.0048]
iter: [131800]/300000, epoch: [8]/19, lr: [1.000]x1e-4, loss: [0.0042]
iter: [131900]/300000, epoch: [8]/19, lr: [1.000]x1e-4, loss: [0.0042]
iter: [132000]/300000, epoch: [8]/19, lr: [1.000]x1e-4, loss: [0.0051]
iter: [132100]/300000, epoch: [8]/19, lr: [1.000]x1e-4, loss: [0.0051]
iter: [132200]/300000, epoch: [8]/19, lr: [1.000]x1e-4, loss: [0.0060]
iter: [132300]/300000, epoch: [8]/19, lr: [1.000]x1e-4, loss: [0.0048]
iter: [132400]/300000, epoch: [8]/19, lr: [1.000]x1e-4, loss: [0.0063]
iter: [132500]/300000, epoch: [8]/19, lr: [1.000]x1e-4, loss: [0.0043]
iter: [132600]/300000, epoch: [8]/19, lr: [1.000]x1e-4, loss: [0.0050]
iter: [132700]/300000, epoch: [8]/19, lr: [1.000]x1e-4, loss: [0.0045]
iter: [132800]/300000, epoch: [8]/19, lr: [1.000]x1e-4, loss: [0.0048]
iter: [132900]/300000, epoch: [8]/19, lr: [1.000]x1e-4, loss: [0.0054]
iter: [133000]/300000, epoch: [8]/19, lr: [1.000]x1e-4, loss: [0.0062]
iter: [133100]/300000, epoch: [8]/19, lr: [1.000]x1e-4, loss: [0.0034]
iter: [133200]/300000, epoch: [8]/19, lr: [1.000]x1e-4, loss: [0.0041]
iter: [133300]/300000, epoch: [8]/19, lr: [1.000]x1e-4, loss: [0.0027]
iter: [133400]/300000, epoch: [8]/19, lr: [1.000]x1e-4, loss: [0.0044]
iter: [133500]/300000, epoch: [8]/19, lr: [1.000]x1e-4, loss: [0.0045]
iter: [133600]/300000, epoch: [8]/19, lr: [1.000]x1e-4, loss: [0.0055]
iter: [133700]/300000, epoch: [8]/19, lr: [1.000]x1e-4, loss: [0.0039]
iter: [133800]/300000, epoch: [8]/19, lr: [1.000]x1e-4, loss: [0.0052]
iter: [133900]/300000, epoch: [8]/19, lr: [1.000]x1e-4, loss: [0.0049]
iter: [134000]/300000, epoch: [8]/19, lr: [1.000]x1e-4, loss: [0.0046]
iter: [134100]/300000, epoch: [8]/19, lr: [1.000]x1e-4, loss: [0.0055]
iter: [134200]/300000, epoch: [8]/19, lr: [1.000]x1e-4, loss: [0.0060]
iter: [134300]/300000, epoch: [8]/19, lr: [1.000]x1e-4, loss: [0.0038]
iter: [134400]/300000, epoch: [8]/19, lr: [1.000]x1e-4, loss: [0.0054]
iter: [134500]/300000, epoch: [8]/19, lr: [1.000]x1e-4, loss: [0.0053]
iter: [134600]/300000, epoch: [8]/19, lr: [1.000]x1e-4, loss: [0.0064]
iter: [134700]/300000, epoch: [8]/19, lr: [1.000]x1e-4, loss: [0.0032]
iter: [134800]/300000, epoch: [8]/19, lr: [1.000]x1e-4, loss: [0.0049]
iter: [134900]/300000, epoch: [8]/19, lr: [1.000]x1e-4, loss: [0.0062]
iter: [135000]/300000, epoch: [8]/19, lr: [1.000]x1e-4, loss: [0.0057]
iter: [135100]/300000, epoch: [8]/19, lr: [1.000]x1e-4, loss: [0.0050]
iter: [135200]/300000, epoch: [8]/19, lr: [1.000]x1e-4, loss: [0.0043]
iter: [135300]/300000, epoch: [8]/19, lr: [1.000]x1e-4, loss: [0.0039]
iter: [135400]/300000, epoch: [8]/19, lr: [1.000]x1e-4, loss: [0.0074]
iter: [135500]/300000, epoch: [8]/19, lr: [1.000]x1e-4, loss: [0.0040]
iter: [135600]/300000, epoch: [8]/19, lr: [1.000]x1e-4, loss: [0.0042]
iter: [135700]/300000, epoch: [8]/19, lr: [1.000]x1e-4, loss: [0.0051]
iter: [135800]/300000, epoch: [8]/19, lr: [1.000]x1e-4, loss: [0.0053]
iter: [135900]/300000, epoch: [8]/19, lr: [1.000]x1e-4, loss: [0.0046]
iter: [136000]/300000, epoch: [8]/19, lr: [1.000]x1e-4, loss: [0.0034]
iter: [136100]/300000, epoch: [8]/19, lr: [1.000]x1e-4, loss: [0.0042]
iter: [136200]/300000, epoch: [8]/19, lr: [1.000]x1e-4, loss: [0.0048]
iter: [136300]/300000, epoch: [8]/19, lr: [1.000]x1e-4, loss: [0.0044]
iter: [136400]/300000, epoch: [8]/19, lr: [1.000]x1e-4, loss: [0.0043]
iter: [136500]/300000, epoch: [8]/19, lr: [1.000]x1e-4, loss: [0.0046]
iter: [136600]/300000, epoch: [8]/19, lr: [1.000]x1e-4, loss: [0.0042]
iter: [136700]/300000, epoch: [8]/19, lr: [1.000]x1e-4, loss: [0.0050]
iter: [136800]/300000, epoch: [8]/19, lr: [1.000]x1e-4, loss: [0.0047]
iter: [136900]/300000, epoch: [8]/19, lr: [1.000]x1e-4, loss: [0.0069]
iter: [137000]/300000, epoch: [8]/19, lr: [1.000]x1e-4, loss: [0.0049]
iter: [137100]/300000, epoch: [8]/19, lr: [1.000]x1e-4, loss: [0.0042]
iter: [137200]/300000, epoch: [8]/19, lr: [1.000]x1e-4, loss: [0.0092]
iter: [137300]/300000, epoch: [8]/19, lr: [1.000]x1e-4, loss: [0.0063]
iter: [137400]/300000, epoch: [8]/19, lr: [1.000]x1e-4, loss: [0.0047]
iter: [137500]/300000, epoch: [8]/19, lr: [1.000]x1e-4, loss: [0.0056]
iter: [137600]/300000, epoch: [8]/19, lr: [1.000]x1e-4, loss: [0.0057]
iter: [137700]/300000, epoch: [8]/19, lr: [1.000]x1e-4, loss: [0.0042]
iter: [137800]/300000, epoch: [8]/19, lr: [1.000]x1e-4, loss: [0.0038]
iter: [137900]/300000, epoch: [8]/19, lr: [1.000]x1e-4, loss: [0.0031]
iter: [138000]/300000, epoch: [8]/19, lr: [1.000]x1e-4, loss: [0.0055]
iter: [138100]/300000, epoch: [8]/19, lr: [1.000]x1e-4, loss: [0.0056]
iter: [138200]/300000, epoch: [8]/19, lr: [1.000]x1e-4, loss: [0.0064]
iter: [138300]/300000, epoch: [8]/19, lr: [1.000]x1e-4, loss: [0.0056]
iter: [138400]/300000, epoch: [8]/19, lr: [1.000]x1e-4, loss: [0.0041]
iter: [138500]/300000, epoch: [8]/19, lr: [1.000]x1e-4, loss: [0.0053]
iter: [138600]/300000, epoch: [8]/19, lr: [1.000]x1e-4, loss: [0.0055]
iter: [138700]/300000, epoch: [8]/19, lr: [1.000]x1e-4, loss: [0.0031]
iter: [138800]/300000, epoch: [8]/19, lr: [1.000]x1e-4, loss: [0.0040]
iter: [138900]/300000, epoch: [8]/19, lr: [1.000]x1e-4, loss: [0.0066]
iter: [139000]/300000, epoch: [8]/19, lr: [1.000]x1e-4, loss: [0.0039]
iter: [139100]/300000, epoch: [8]/19, lr: [1.000]x1e-4, loss: [0.0039]
iter: [139200]/300000, epoch: [8]/19, lr: [1.000]x1e-4, loss: [0.0058]
iter: [139300]/300000, epoch: [8]/19, lr: [1.000]x1e-4, loss: [0.0045]
iter: [139400]/300000, epoch: [8]/19, lr: [1.000]x1e-4, loss: [0.0038]
iter: [139500]/300000, epoch: [8]/19, lr: [1.000]x1e-4, loss: [0.0063]
iter: [139600]/300000, epoch: [8]/19, lr: [1.000]x1e-4, loss: [0.0064]
iter: [139700]/300000, epoch: [8]/19, lr: [1.000]x1e-4, loss: [0.0050]
iter: [139800]/300000, epoch: [8]/19, lr: [1.000]x1e-4, loss: [0.0063]
iter: [139900]/300000, epoch: [8]/19, lr: [1.000]x1e-4, loss: [0.0048]
iter: [140000]/300000, epoch: [8]/19, lr: [1.000]x1e-4, loss: [0.0038]
iter: [140100]/300000, epoch: [8]/19, lr: [1.000]x1e-4, loss: [0.0052]
iter: [140200]/300000, epoch: [8]/19, lr: [1.000]x1e-4, loss: [0.0058]
iter: [140300]/300000, epoch: [8]/19, lr: [1.000]x1e-4, loss: [0.0031]
iter: [140400]/300000, epoch: [8]/19, lr: [1.000]x1e-4, loss: [0.0049]
iter: [140500]/300000, epoch: [8]/19, lr: [1.000]x1e-4, loss: [0.0044]
iter: [140600]/300000, epoch: [8]/19, lr: [1.000]x1e-4, loss: [0.0039]
iter: [140700]/300000, epoch: [8]/19, lr: [1.000]x1e-4, loss: [0.0040]
iter: [140800]/300000, epoch: [8]/19, lr: [1.000]x1e-4, loss: [0.0046]
iter: [140900]/300000, epoch: [8]/19, lr: [1.000]x1e-4, loss: [0.0034]
iter: [141000]/300000, epoch: [8]/19, lr: [1.000]x1e-4, loss: [0.0049]
iter: [141100]/300000, epoch: [8]/19, lr: [1.000]x1e-4, loss: [0.0050]
iter: [141200]/300000, epoch: [8]/19, lr: [1.000]x1e-4, loss: [0.0073]
iter: [141300]/300000, epoch: [8]/19, lr: [1.000]x1e-4, loss: [0.0057]
iter: [141400]/300000, epoch: [8]/19, lr: [1.000]x1e-4, loss: [0.0048]
iter: [141500]/300000, epoch: [8]/19, lr: [1.000]x1e-4, loss: [0.0052]
iter: [141600]/300000, epoch: [8]/19, lr: [1.000]x1e-4, loss: [0.0044]
iter: [141700]/300000, epoch: [8]/19, lr: [1.000]x1e-4, loss: [0.0070]
iter: [141800]/300000, epoch: [9]/19, lr: [1.000]x1e-4, loss: [0.0060]
iter: [141900]/300000, epoch: [9]/19, lr: [1.000]x1e-4, loss: [0.0057]
iter: [142000]/300000, epoch: [9]/19, lr: [1.000]x1e-4, loss: [0.0074]
iter: [142100]/300000, epoch: [9]/19, lr: [1.000]x1e-4, loss: [0.0039]
iter: [142200]/300000, epoch: [9]/19, lr: [1.000]x1e-4, loss: [0.0046]
iter: [142300]/300000, epoch: [9]/19, lr: [1.000]x1e-4, loss: [0.0044]
iter: [142400]/300000, epoch: [9]/19, lr: [1.000]x1e-4, loss: [0.0045]
iter: [142500]/300000, epoch: [9]/19, lr: [1.000]x1e-4, loss: [0.0032]
iter: [142600]/300000, epoch: [9]/19, lr: [1.000]x1e-4, loss: [0.0039]
iter: [142700]/300000, epoch: [9]/19, lr: [1.000]x1e-4, loss: [0.0060]
iter: [142800]/300000, epoch: [9]/19, lr: [1.000]x1e-4, loss: [0.0039]
iter: [142900]/300000, epoch: [9]/19, lr: [1.000]x1e-4, loss: [0.0049]
iter: [143000]/300000, epoch: [9]/19, lr: [1.000]x1e-4, loss: [0.0041]
iter: [143100]/300000, epoch: [9]/19, lr: [1.000]x1e-4, loss: [0.0038]
iter: [143200]/300000, epoch: [9]/19, lr: [1.000]x1e-4, loss: [0.0036]
iter: [143300]/300000, epoch: [9]/19, lr: [1.000]x1e-4, loss: [0.0034]
iter: [143400]/300000, epoch: [9]/19, lr: [1.000]x1e-4, loss: [0.0049]
iter: [143500]/300000, epoch: [9]/19, lr: [1.000]x1e-4, loss: [0.0026]
iter: [143600]/300000, epoch: [9]/19, lr: [1.000]x1e-4, loss: [0.0058]
iter: [143700]/300000, epoch: [9]/19, lr: [1.000]x1e-4, loss: [0.0039]
iter: [143800]/300000, epoch: [9]/19, lr: [1.000]x1e-4, loss: [0.0052]
iter: [143900]/300000, epoch: [9]/19, lr: [1.000]x1e-4, loss: [0.0054]
iter: [144000]/300000, epoch: [9]/19, lr: [1.000]x1e-4, loss: [0.0046]
iter: [144100]/300000, epoch: [9]/19, lr: [1.000]x1e-4, loss: [0.0047]
iter: [144200]/300000, epoch: [9]/19, lr: [1.000]x1e-4, loss: [0.0043]
iter: [144300]/300000, epoch: [9]/19, lr: [1.000]x1e-4, loss: [0.0059]
iter: [144400]/300000, epoch: [9]/19, lr: [1.000]x1e-4, loss: [0.0043]
iter: [144500]/300000, epoch: [9]/19, lr: [1.000]x1e-4, loss: [0.0042]
iter: [144600]/300000, epoch: [9]/19, lr: [1.000]x1e-4, loss: [0.0053]
iter: [144700]/300000, epoch: [9]/19, lr: [1.000]x1e-4, loss: [0.0052]
iter: [144800]/300000, epoch: [9]/19, lr: [1.000]x1e-4, loss: [0.0062]
iter: [144900]/300000, epoch: [9]/19, lr: [1.000]x1e-4, loss: [0.0065]
iter: [145000]/300000, epoch: [9]/19, lr: [1.000]x1e-4, loss: [0.0043]
iter: [145100]/300000, epoch: [9]/19, lr: [1.000]x1e-4, loss: [0.0054]
iter: [145200]/300000, epoch: [9]/19, lr: [1.000]x1e-4, loss: [0.0060]
iter: [145300]/300000, epoch: [9]/19, lr: [1.000]x1e-4, loss: [0.0052]
iter: [145400]/300000, epoch: [9]/19, lr: [1.000]x1e-4, loss: [0.0034]
iter: [145500]/300000, epoch: [9]/19, lr: [1.000]x1e-4, loss: [0.0042]
iter: [145600]/300000, epoch: [9]/19, lr: [1.000]x1e-4, loss: [0.0050]
iter: [145700]/300000, epoch: [9]/19, lr: [1.000]x1e-4, loss: [0.0054]
iter: [145800]/300000, epoch: [9]/19, lr: [1.000]x1e-4, loss: [0.0029]
iter: [145900]/300000, epoch: [9]/19, lr: [1.000]x1e-4, loss: [0.0038]
iter: [146000]/300000, epoch: [9]/19, lr: [1.000]x1e-4, loss: [0.0055]
iter: [146100]/300000, epoch: [9]/19, lr: [1.000]x1e-4, loss: [0.0054]
iter: [146200]/300000, epoch: [9]/19, lr: [1.000]x1e-4, loss: [0.0046]
iter: [146300]/300000, epoch: [9]/19, lr: [1.000]x1e-4, loss: [0.0027]
iter: [146400]/300000, epoch: [9]/19, lr: [1.000]x1e-4, loss: [0.0065]
iter: [146500]/300000, epoch: [9]/19, lr: [1.000]x1e-4, loss: [0.0033]
iter: [146600]/300000, epoch: [9]/19, lr: [1.000]x1e-4, loss: [0.0050]
iter: [146700]/300000, epoch: [9]/19, lr: [1.000]x1e-4, loss: [0.0055]
iter: [146800]/300000, epoch: [9]/19, lr: [1.000]x1e-4, loss: [0.0057]
iter: [146900]/300000, epoch: [9]/19, lr: [1.000]x1e-4, loss: [0.0058]
iter: [147000]/300000, epoch: [9]/19, lr: [1.000]x1e-4, loss: [0.0037]
iter: [147100]/300000, epoch: [9]/19, lr: [1.000]x1e-4, loss: [0.0049]
iter: [147200]/300000, epoch: [9]/19, lr: [1.000]x1e-4, loss: [0.0068]
iter: [147300]/300000, epoch: [9]/19, lr: [1.000]x1e-4, loss: [0.0054]
iter: [147400]/300000, epoch: [9]/19, lr: [1.000]x1e-4, loss: [0.0044]
iter: [147500]/300000, epoch: [9]/19, lr: [1.000]x1e-4, loss: [0.0069]
iter: [147600]/300000, epoch: [9]/19, lr: [1.000]x1e-4, loss: [0.0038]
iter: [147700]/300000, epoch: [9]/19, lr: [1.000]x1e-4, loss: [0.0050]
iter: [147800]/300000, epoch: [9]/19, lr: [1.000]x1e-4, loss: [0.0057]
iter: [147900]/300000, epoch: [9]/19, lr: [1.000]x1e-4, loss: [0.0039]
iter: [148000]/300000, epoch: [9]/19, lr: [1.000]x1e-4, loss: [0.0043]
iter: [148100]/300000, epoch: [9]/19, lr: [1.000]x1e-4, loss: [0.0056]
iter: [148200]/300000, epoch: [9]/19, lr: [1.000]x1e-4, loss: [0.0032]
iter: [148300]/300000, epoch: [9]/19, lr: [1.000]x1e-4, loss: [0.0066]
iter: [148400]/300000, epoch: [9]/19, lr: [1.000]x1e-4, loss: [0.0037]
iter: [148500]/300000, epoch: [9]/19, lr: [1.000]x1e-4, loss: [0.0049]
iter: [148600]/300000, epoch: [9]/19, lr: [1.000]x1e-4, loss: [0.0057]
iter: [148700]/300000, epoch: [9]/19, lr: [1.000]x1e-4, loss: [0.0033]
iter: [148800]/300000, epoch: [9]/19, lr: [1.000]x1e-4, loss: [0.0062]
iter: [148900]/300000, epoch: [9]/19, lr: [1.000]x1e-4, loss: [0.0057]
iter: [149000]/300000, epoch: [9]/19, lr: [1.000]x1e-4, loss: [0.0078]
iter: [149100]/300000, epoch: [9]/19, lr: [1.000]x1e-4, loss: [0.0039]
iter: [149200]/300000, epoch: [9]/19, lr: [1.000]x1e-4, loss: [0.0030]
iter: [149300]/300000, epoch: [9]/19, lr: [1.000]x1e-4, loss: [0.0065]
iter: [149400]/300000, epoch: [9]/19, lr: [1.000]x1e-4, loss: [0.0042]
iter: [149500]/300000, epoch: [9]/19, lr: [1.000]x1e-4, loss: [0.0031]
iter: [149600]/300000, epoch: [9]/19, lr: [1.000]x1e-4, loss: [0.0050]
iter: [149700]/300000, epoch: [9]/19, lr: [1.000]x1e-4, loss: [0.0034]
iter: [149800]/300000, epoch: [9]/19, lr: [1.000]x1e-4, loss: [0.0040]
iter: [149900]/300000, epoch: [9]/19, lr: [1.000]x1e-4, loss: [0.0042]
iter: [150000]/300000, epoch: [9]/19, lr: [1.000]x1e-4, loss: [0.0067]
iter: [150100]/300000, epoch: [9]/19, lr: [1.000]x1e-4, loss: [0.0063]
iter: [150200]/300000, epoch: [9]/19, lr: [1.000]x1e-4, loss: [0.0054]
iter: [150300]/300000, epoch: [9]/19, lr: [1.000]x1e-4, loss: [0.0034]
iter: [150400]/300000, epoch: [9]/19, lr: [1.000]x1e-4, loss: [0.0055]
iter: [150500]/300000, epoch: [9]/19, lr: [1.000]x1e-4, loss: [0.0046]
iter: [150600]/300000, epoch: [9]/19, lr: [1.000]x1e-4, loss: [0.0053]
iter: [150700]/300000, epoch: [9]/19, lr: [1.000]x1e-4, loss: [0.0058]
iter: [150800]/300000, epoch: [9]/19, lr: [1.000]x1e-4, loss: [0.0044]
iter: [150900]/300000, epoch: [9]/19, lr: [1.000]x1e-4, loss: [0.0052]
iter: [151000]/300000, epoch: [9]/19, lr: [1.000]x1e-4, loss: [0.0062]
iter: [151100]/300000, epoch: [9]/19, lr: [1.000]x1e-4, loss: [0.0057]
iter: [151200]/300000, epoch: [9]/19, lr: [1.000]x1e-4, loss: [0.0033]
iter: [151300]/300000, epoch: [9]/19, lr: [1.000]x1e-4, loss: [0.0085]
iter: [151400]/300000, epoch: [9]/19, lr: [1.000]x1e-4, loss: [0.0048]
iter: [151500]/300000, epoch: [9]/19, lr: [1.000]x1e-4, loss: [0.0078]
iter: [151600]/300000, epoch: [9]/19, lr: [1.000]x1e-4, loss: [0.0065]
iter: [151700]/300000, epoch: [9]/19, lr: [1.000]x1e-4, loss: [0.0042]
iter: [151800]/300000, epoch: [9]/19, lr: [1.000]x1e-4, loss: [0.0038]
iter: [151900]/300000, epoch: [9]/19, lr: [1.000]x1e-4, loss: [0.0069]
iter: [152000]/300000, epoch: [9]/19, lr: [1.000]x1e-4, loss: [0.0044]
iter: [152100]/300000, epoch: [9]/19, lr: [1.000]x1e-4, loss: [0.0045]
iter: [152200]/300000, epoch: [9]/19, lr: [1.000]x1e-4, loss: [0.0048]
iter: [152300]/300000, epoch: [9]/19, lr: [1.000]x1e-4, loss: [0.0039]
iter: [152400]/300000, epoch: [9]/19, lr: [1.000]x1e-4, loss: [0.0049]
iter: [152500]/300000, epoch: [9]/19, lr: [1.000]x1e-4, loss: [0.0050]
iter: [152600]/300000, epoch: [9]/19, lr: [1.000]x1e-4, loss: [0.0046]
iter: [152700]/300000, epoch: [9]/19, lr: [1.000]x1e-4, loss: [0.0044]
iter: [152800]/300000, epoch: [9]/19, lr: [1.000]x1e-4, loss: [0.0039]
iter: [152900]/300000, epoch: [9]/19, lr: [1.000]x1e-4, loss: [0.0037]
iter: [153000]/300000, epoch: [9]/19, lr: [1.000]x1e-4, loss: [0.0039]
iter: [153100]/300000, epoch: [9]/19, lr: [1.000]x1e-4, loss: [0.0047]
iter: [153200]/300000, epoch: [9]/19, lr: [1.000]x1e-4, loss: [0.0043]
iter: [153300]/300000, epoch: [9]/19, lr: [1.000]x1e-4, loss: [0.0060]
iter: [153400]/300000, epoch: [9]/19, lr: [1.000]x1e-4, loss: [0.0043]
iter: [153500]/300000, epoch: [9]/19, lr: [1.000]x1e-4, loss: [0.0063]
iter: [153600]/300000, epoch: [9]/19, lr: [1.000]x1e-4, loss: [0.0051]
iter: [153700]/300000, epoch: [9]/19, lr: [1.000]x1e-4, loss: [0.0055]
iter: [153800]/300000, epoch: [9]/19, lr: [1.000]x1e-4, loss: [0.0038]
iter: [153900]/300000, epoch: [9]/19, lr: [1.000]x1e-4, loss: [0.0050]
iter: [154000]/300000, epoch: [9]/19, lr: [1.000]x1e-4, loss: [0.0030]
iter: [154100]/300000, epoch: [9]/19, lr: [1.000]x1e-4, loss: [0.0038]
iter: [154200]/300000, epoch: [9]/19, lr: [1.000]x1e-4, loss: [0.0081]
iter: [154300]/300000, epoch: [9]/19, lr: [1.000]x1e-4, loss: [0.0047]
iter: [154400]/300000, epoch: [9]/19, lr: [1.000]x1e-4, loss: [0.0060]
iter: [154500]/300000, epoch: [9]/19, lr: [1.000]x1e-4, loss: [0.0052]
iter: [154600]/300000, epoch: [9]/19, lr: [1.000]x1e-4, loss: [0.0053]
iter: [154700]/300000, epoch: [9]/19, lr: [1.000]x1e-4, loss: [0.0060]
iter: [154800]/300000, epoch: [9]/19, lr: [1.000]x1e-4, loss: [0.0062]
iter: [154900]/300000, epoch: [9]/19, lr: [1.000]x1e-4, loss: [0.0042]
iter: [155000]/300000, epoch: [9]/19, lr: [1.000]x1e-4, loss: [0.0065]
iter: [155100]/300000, epoch: [9]/19, lr: [1.000]x1e-4, loss: [0.0045]
iter: [155200]/300000, epoch: [9]/19, lr: [1.000]x1e-4, loss: [0.0053]
iter: [155300]/300000, epoch: [9]/19, lr: [1.000]x1e-4, loss: [0.0072]
iter: [155400]/300000, epoch: [9]/19, lr: [1.000]x1e-4, loss: [0.0031]
iter: [155500]/300000, epoch: [9]/19, lr: [1.000]x1e-4, loss: [0.0062]
iter: [155600]/300000, epoch: [9]/19, lr: [1.000]x1e-4, loss: [0.0052]
iter: [155700]/300000, epoch: [9]/19, lr: [1.000]x1e-4, loss: [0.0041]
iter: [155800]/300000, epoch: [9]/19, lr: [1.000]x1e-4, loss: [0.0067]
iter: [155900]/300000, epoch: [9]/19, lr: [1.000]x1e-4, loss: [0.0034]
iter: [156000]/300000, epoch: [9]/19, lr: [1.000]x1e-4, loss: [0.0030]
iter: [156100]/300000, epoch: [9]/19, lr: [1.000]x1e-4, loss: [0.0057]
iter: [156200]/300000, epoch: [9]/19, lr: [1.000]x1e-4, loss: [0.0044]
iter: [156300]/300000, epoch: [9]/19, lr: [1.000]x1e-4, loss: [0.0062]
iter: [156400]/300000, epoch: [9]/19, lr: [1.000]x1e-4, loss: [0.0052]
iter: [156500]/300000, epoch: [9]/19, lr: [1.000]x1e-4, loss: [0.0041]
iter: [156600]/300000, epoch: [9]/19, lr: [1.000]x1e-4, loss: [0.0052]
iter: [156700]/300000, epoch: [9]/19, lr: [1.000]x1e-4, loss: [0.0041]
iter: [156800]/300000, epoch: [9]/19, lr: [1.000]x1e-4, loss: [0.0053]
iter: [156900]/300000, epoch: [9]/19, lr: [1.000]x1e-4, loss: [0.0054]
iter: [157000]/300000, epoch: [9]/19, lr: [1.000]x1e-4, loss: [0.0044]
iter: [157100]/300000, epoch: [9]/19, lr: [1.000]x1e-4, loss: [0.0038]
iter: [157200]/300000, epoch: [9]/19, lr: [1.000]x1e-4, loss: [0.0029]
iter: [157300]/300000, epoch: [9]/19, lr: [1.000]x1e-4, loss: [0.0039]
iter: [157400]/300000, epoch: [9]/19, lr: [1.000]x1e-4, loss: [0.0039]
iter: [157500]/300000, epoch: [9]/19, lr: [1.000]x1e-4, loss: [0.0047]
iter: [157600]/300000, epoch: [10]/19, lr: [1.000]x1e-4, loss: [0.0049]
iter: [157700]/300000, epoch: [10]/19, lr: [1.000]x1e-4, loss: [0.0037]
iter: [157800]/300000, epoch: [10]/19, lr: [1.000]x1e-4, loss: [0.0045]
iter: [157900]/300000, epoch: [10]/19, lr: [1.000]x1e-4, loss: [0.0064]
iter: [158000]/300000, epoch: [10]/19, lr: [1.000]x1e-4, loss: [0.0051]
iter: [158100]/300000, epoch: [10]/19, lr: [1.000]x1e-4, loss: [0.0047]
iter: [158200]/300000, epoch: [10]/19, lr: [1.000]x1e-4, loss: [0.0041]
iter: [158300]/300000, epoch: [10]/19, lr: [1.000]x1e-4, loss: [0.0048]
iter: [158400]/300000, epoch: [10]/19, lr: [1.000]x1e-4, loss: [0.0056]
iter: [158500]/300000, epoch: [10]/19, lr: [1.000]x1e-4, loss: [0.0040]
iter: [158600]/300000, epoch: [10]/19, lr: [1.000]x1e-4, loss: [0.0027]
iter: [158700]/300000, epoch: [10]/19, lr: [1.000]x1e-4, loss: [0.0033]
iter: [158800]/300000, epoch: [10]/19, lr: [1.000]x1e-4, loss: [0.0060]
iter: [158900]/300000, epoch: [10]/19, lr: [1.000]x1e-4, loss: [0.0039]
iter: [159000]/300000, epoch: [10]/19, lr: [1.000]x1e-4, loss: [0.0041]
iter: [159100]/300000, epoch: [10]/19, lr: [1.000]x1e-4, loss: [0.0074]
iter: [159200]/300000, epoch: [10]/19, lr: [1.000]x1e-4, loss: [0.0048]
iter: [159300]/300000, epoch: [10]/19, lr: [1.000]x1e-4, loss: [0.0042]
iter: [159400]/300000, epoch: [10]/19, lr: [1.000]x1e-4, loss: [0.0029]
iter: [159500]/300000, epoch: [10]/19, lr: [1.000]x1e-4, loss: [0.0061]
iter: [159600]/300000, epoch: [10]/19, lr: [1.000]x1e-4, loss: [0.0044]
iter: [159700]/300000, epoch: [10]/19, lr: [1.000]x1e-4, loss: [0.0049]
iter: [159800]/300000, epoch: [10]/19, lr: [1.000]x1e-4, loss: [0.0025]
iter: [159900]/300000, epoch: [10]/19, lr: [1.000]x1e-4, loss: [0.0040]
iter: [160000]/300000, epoch: [10]/19, lr: [1.000]x1e-4, loss: [0.0064]
iter: [160100]/300000, epoch: [10]/19, lr: [1.000]x1e-4, loss: [0.0047]
iter: [160200]/300000, epoch: [10]/19, lr: [1.000]x1e-4, loss: [0.0043]
iter: [160300]/300000, epoch: [10]/19, lr: [1.000]x1e-4, loss: [0.0042]
iter: [160400]/300000, epoch: [10]/19, lr: [1.000]x1e-4, loss: [0.0039]
iter: [160500]/300000, epoch: [10]/19, lr: [1.000]x1e-4, loss: [0.0051]
iter: [160600]/300000, epoch: [10]/19, lr: [1.000]x1e-4, loss: [0.0029]
iter: [160700]/300000, epoch: [10]/19, lr: [1.000]x1e-4, loss: [0.0066]
iter: [160800]/300000, epoch: [10]/19, lr: [1.000]x1e-4, loss: [0.0046]
iter: [160900]/300000, epoch: [10]/19, lr: [1.000]x1e-4, loss: [0.0061]
iter: [161000]/300000, epoch: [10]/19, lr: [1.000]x1e-4, loss: [0.0034]
iter: [161100]/300000, epoch: [10]/19, lr: [1.000]x1e-4, loss: [0.0046]
iter: [161200]/300000, epoch: [10]/19, lr: [1.000]x1e-4, loss: [0.0048]
iter: [161300]/300000, epoch: [10]/19, lr: [1.000]x1e-4, loss: [0.0045]
iter: [161400]/300000, epoch: [10]/19, lr: [1.000]x1e-4, loss: [0.0041]
iter: [161500]/300000, epoch: [10]/19, lr: [1.000]x1e-4, loss: [0.0053]
iter: [161600]/300000, epoch: [10]/19, lr: [1.000]x1e-4, loss: [0.0039]
iter: [161700]/300000, epoch: [10]/19, lr: [1.000]x1e-4, loss: [0.0044]
iter: [161800]/300000, epoch: [10]/19, lr: [1.000]x1e-4, loss: [0.0049]
iter: [161900]/300000, epoch: [10]/19, lr: [1.000]x1e-4, loss: [0.0048]
iter: [162000]/300000, epoch: [10]/19, lr: [1.000]x1e-4, loss: [0.0041]
iter: [162100]/300000, epoch: [10]/19, lr: [1.000]x1e-4, loss: [0.0040]
iter: [162200]/300000, epoch: [10]/19, lr: [1.000]x1e-4, loss: [0.0038]
iter: [162300]/300000, epoch: [10]/19, lr: [1.000]x1e-4, loss: [0.0057]
iter: [162400]/300000, epoch: [10]/19, lr: [1.000]x1e-4, loss: [0.0056]
iter: [162500]/300000, epoch: [10]/19, lr: [1.000]x1e-4, loss: [0.0059]
iter: [162600]/300000, epoch: [10]/19, lr: [1.000]x1e-4, loss: [0.0053]
iter: [162700]/300000, epoch: [10]/19, lr: [1.000]x1e-4, loss: [0.0040]
iter: [162800]/300000, epoch: [10]/19, lr: [1.000]x1e-4, loss: [0.0046]
iter: [162900]/300000, epoch: [10]/19, lr: [1.000]x1e-4, loss: [0.0080]
iter: [163000]/300000, epoch: [10]/19, lr: [1.000]x1e-4, loss: [0.0057]
iter: [163100]/300000, epoch: [10]/19, lr: [1.000]x1e-4, loss: [0.0037]
iter: [163200]/300000, epoch: [10]/19, lr: [1.000]x1e-4, loss: [0.0041]
iter: [163300]/300000, epoch: [10]/19, lr: [1.000]x1e-4, loss: [0.0056]
iter: [163400]/300000, epoch: [10]/19, lr: [1.000]x1e-4, loss: [0.0046]
iter: [163500]/300000, epoch: [10]/19, lr: [1.000]x1e-4, loss: [0.0043]
iter: [163600]/300000, epoch: [10]/19, lr: [1.000]x1e-4, loss: [0.0053]
iter: [163700]/300000, epoch: [10]/19, lr: [1.000]x1e-4, loss: [0.0029]
iter: [163800]/300000, epoch: [10]/19, lr: [1.000]x1e-4, loss: [0.0039]
iter: [163900]/300000, epoch: [10]/19, lr: [1.000]x1e-4, loss: [0.0053]
iter: [164000]/300000, epoch: [10]/19, lr: [1.000]x1e-4, loss: [0.0044]
iter: [164100]/300000, epoch: [10]/19, lr: [1.000]x1e-4, loss: [0.0061]
iter: [164200]/300000, epoch: [10]/19, lr: [1.000]x1e-4, loss: [0.0052]
iter: [164300]/300000, epoch: [10]/19, lr: [1.000]x1e-4, loss: [0.0052]
iter: [164400]/300000, epoch: [10]/19, lr: [1.000]x1e-4, loss: [0.0033]
iter: [164500]/300000, epoch: [10]/19, lr: [1.000]x1e-4, loss: [0.0038]
iter: [164600]/300000, epoch: [10]/19, lr: [1.000]x1e-4, loss: [0.0046]
iter: [164700]/300000, epoch: [10]/19, lr: [1.000]x1e-4, loss: [0.0051]
iter: [164800]/300000, epoch: [10]/19, lr: [1.000]x1e-4, loss: [0.0042]
iter: [164900]/300000, epoch: [10]/19, lr: [1.000]x1e-4, loss: [0.0043]
iter: [165000]/300000, epoch: [10]/19, lr: [1.000]x1e-4, loss: [0.0063]
iter: [165100]/300000, epoch: [10]/19, lr: [1.000]x1e-4, loss: [0.0059]
iter: [165200]/300000, epoch: [10]/19, lr: [1.000]x1e-4, loss: [0.0048]
iter: [165300]/300000, epoch: [10]/19, lr: [1.000]x1e-4, loss: [0.0039]
iter: [165400]/300000, epoch: [10]/19, lr: [1.000]x1e-4, loss: [0.0039]
iter: [165500]/300000, epoch: [10]/19, lr: [1.000]x1e-4, loss: [0.0022]
iter: [165600]/300000, epoch: [10]/19, lr: [1.000]x1e-4, loss: [0.0054]
iter: [165700]/300000, epoch: [10]/19, lr: [1.000]x1e-4, loss: [0.0051]
iter: [165800]/300000, epoch: [10]/19, lr: [1.000]x1e-4, loss: [0.0038]
iter: [165900]/300000, epoch: [10]/19, lr: [1.000]x1e-4, loss: [0.0025]
iter: [166000]/300000, epoch: [10]/19, lr: [1.000]x1e-4, loss: [0.0056]
iter: [166100]/300000, epoch: [10]/19, lr: [1.000]x1e-4, loss: [0.0058]
iter: [166200]/300000, epoch: [10]/19, lr: [1.000]x1e-4, loss: [0.0037]
iter: [166300]/300000, epoch: [10]/19, lr: [1.000]x1e-4, loss: [0.0038]
iter: [166400]/300000, epoch: [10]/19, lr: [1.000]x1e-4, loss: [0.0050]
iter: [166500]/300000, epoch: [10]/19, lr: [1.000]x1e-4, loss: [0.0061]
iter: [166600]/300000, epoch: [10]/19, lr: [1.000]x1e-4, loss: [0.0058]
iter: [166700]/300000, epoch: [10]/19, lr: [1.000]x1e-4, loss: [0.0043]
iter: [166800]/300000, epoch: [10]/19, lr: [1.000]x1e-4, loss: [0.0043]
iter: [166900]/300000, epoch: [10]/19, lr: [1.000]x1e-4, loss: [0.0046]
iter: [167000]/300000, epoch: [10]/19, lr: [1.000]x1e-4, loss: [0.0049]
iter: [167100]/300000, epoch: [10]/19, lr: [1.000]x1e-4, loss: [0.0040]
iter: [167200]/300000, epoch: [10]/19, lr: [1.000]x1e-4, loss: [0.0049]
iter: [167300]/300000, epoch: [10]/19, lr: [1.000]x1e-4, loss: [0.0036]
iter: [167400]/300000, epoch: [10]/19, lr: [1.000]x1e-4, loss: [0.0063]
iter: [167500]/300000, epoch: [10]/19, lr: [1.000]x1e-4, loss: [0.0029]
iter: [167600]/300000, epoch: [10]/19, lr: [1.000]x1e-4, loss: [0.0065]
iter: [167700]/300000, epoch: [10]/19, lr: [1.000]x1e-4, loss: [0.0043]
iter: [167800]/300000, epoch: [10]/19, lr: [1.000]x1e-4, loss: [0.0042]
iter: [167900]/300000, epoch: [10]/19, lr: [1.000]x1e-4, loss: [0.0046]
iter: [168000]/300000, epoch: [10]/19, lr: [1.000]x1e-4, loss: [0.0048]
iter: [168100]/300000, epoch: [10]/19, lr: [1.000]x1e-4, loss: [0.0060]
iter: [168200]/300000, epoch: [10]/19, lr: [1.000]x1e-4, loss: [0.0072]
iter: [168300]/300000, epoch: [10]/19, lr: [1.000]x1e-4, loss: [0.0052]
iter: [168400]/300000, epoch: [10]/19, lr: [1.000]x1e-4, loss: [0.0038]
iter: [168500]/300000, epoch: [10]/19, lr: [1.000]x1e-4, loss: [0.0042]
iter: [168600]/300000, epoch: [10]/19, lr: [1.000]x1e-4, loss: [0.0046]
iter: [168700]/300000, epoch: [10]/19, lr: [1.000]x1e-4, loss: [0.0028]
iter: [168800]/300000, epoch: [10]/19, lr: [1.000]x1e-4, loss: [0.0037]
iter: [168900]/300000, epoch: [10]/19, lr: [1.000]x1e-4, loss: [0.0055]
iter: [169000]/300000, epoch: [10]/19, lr: [1.000]x1e-4, loss: [0.0047]
iter: [169100]/300000, epoch: [10]/19, lr: [1.000]x1e-4, loss: [0.0063]
iter: [169200]/300000, epoch: [10]/19, lr: [1.000]x1e-4, loss: [0.0040]
iter: [169300]/300000, epoch: [10]/19, lr: [1.000]x1e-4, loss: [0.0059]
iter: [169400]/300000, epoch: [10]/19, lr: [1.000]x1e-4, loss: [0.0054]
iter: [169500]/300000, epoch: [10]/19, lr: [1.000]x1e-4, loss: [0.0044]
iter: [169600]/300000, epoch: [10]/19, lr: [1.000]x1e-4, loss: [0.0044]
iter: [169700]/300000, epoch: [10]/19, lr: [1.000]x1e-4, loss: [0.0051]
iter: [169800]/300000, epoch: [10]/19, lr: [1.000]x1e-4, loss: [0.0050]
iter: [169900]/300000, epoch: [10]/19, lr: [1.000]x1e-4, loss: [0.0042]
iter: [170000]/300000, epoch: [10]/19, lr: [1.000]x1e-4, loss: [0.0038]
iter: [170100]/300000, epoch: [10]/19, lr: [1.000]x1e-4, loss: [0.0059]
iter: [170200]/300000, epoch: [10]/19, lr: [1.000]x1e-4, loss: [0.0068]
iter: [170300]/300000, epoch: [10]/19, lr: [1.000]x1e-4, loss: [0.0041]
iter: [170400]/300000, epoch: [10]/19, lr: [1.000]x1e-4, loss: [0.0039]
iter: [170500]/300000, epoch: [10]/19, lr: [1.000]x1e-4, loss: [0.0048]
iter: [170600]/300000, epoch: [10]/19, lr: [1.000]x1e-4, loss: [0.0038]
iter: [170700]/300000, epoch: [10]/19, lr: [1.000]x1e-4, loss: [0.0036]
iter: [170800]/300000, epoch: [10]/19, lr: [1.000]x1e-4, loss: [0.0037]
iter: [170900]/300000, epoch: [10]/19, lr: [1.000]x1e-4, loss: [0.0044]
iter: [171000]/300000, epoch: [10]/19, lr: [1.000]x1e-4, loss: [0.0040]
iter: [171100]/300000, epoch: [10]/19, lr: [1.000]x1e-4, loss: [0.0075]
iter: [171200]/300000, epoch: [10]/19, lr: [1.000]x1e-4, loss: [0.0051]
iter: [171300]/300000, epoch: [10]/19, lr: [1.000]x1e-4, loss: [0.0052]
iter: [171400]/300000, epoch: [10]/19, lr: [1.000]x1e-4, loss: [0.0045]
iter: [171500]/300000, epoch: [10]/19, lr: [1.000]x1e-4, loss: [0.0044]
iter: [171600]/300000, epoch: [10]/19, lr: [1.000]x1e-4, loss: [0.0034]
iter: [171700]/300000, epoch: [10]/19, lr: [1.000]x1e-4, loss: [0.0060]
iter: [171800]/300000, epoch: [10]/19, lr: [1.000]x1e-4, loss: [0.0063]
iter: [171900]/300000, epoch: [10]/19, lr: [1.000]x1e-4, loss: [0.0043]
iter: [172000]/300000, epoch: [10]/19, lr: [1.000]x1e-4, loss: [0.0040]
iter: [172100]/300000, epoch: [10]/19, lr: [1.000]x1e-4, loss: [0.0034]
iter: [172200]/300000, epoch: [10]/19, lr: [1.000]x1e-4, loss: [0.0063]
iter: [172300]/300000, epoch: [10]/19, lr: [1.000]x1e-4, loss: [0.0038]
iter: [172400]/300000, epoch: [10]/19, lr: [1.000]x1e-4, loss: [0.0039]
iter: [172500]/300000, epoch: [10]/19, lr: [1.000]x1e-4, loss: [0.0036]
iter: [172600]/300000, epoch: [10]/19, lr: [1.000]x1e-4, loss: [0.0040]
iter: [172700]/300000, epoch: [10]/19, lr: [1.000]x1e-4, loss: [0.0057]
iter: [172800]/300000, epoch: [10]/19, lr: [1.000]x1e-4, loss: [0.0068]
iter: [172900]/300000, epoch: [10]/19, lr: [1.000]x1e-4, loss: [0.0069]
iter: [173000]/300000, epoch: [10]/19, lr: [1.000]x1e-4, loss: [0.0062]
iter: [173100]/300000, epoch: [10]/19, lr: [1.000]x1e-4, loss: [0.0046]
iter: [173200]/300000, epoch: [10]/19, lr: [1.000]x1e-4, loss: [0.0063]
iter: [173300]/300000, epoch: [11]/19, lr: [1.000]x1e-4, loss: [0.0048]
iter: [173400]/300000, epoch: [11]/19, lr: [1.000]x1e-4, loss: [0.0032]
iter: [173500]/300000, epoch: [11]/19, lr: [1.000]x1e-4, loss: [0.0053]
iter: [173600]/300000, epoch: [11]/19, lr: [1.000]x1e-4, loss: [0.0064]
iter: [173700]/300000, epoch: [11]/19, lr: [1.000]x1e-4, loss: [0.0060]
iter: [173800]/300000, epoch: [11]/19, lr: [1.000]x1e-4, loss: [0.0043]
iter: [173900]/300000, epoch: [11]/19, lr: [1.000]x1e-4, loss: [0.0041]
iter: [174000]/300000, epoch: [11]/19, lr: [1.000]x1e-4, loss: [0.0056]
iter: [174100]/300000, epoch: [11]/19, lr: [1.000]x1e-4, loss: [0.0047]
iter: [174200]/300000, epoch: [11]/19, lr: [1.000]x1e-4, loss: [0.0040]
iter: [174300]/300000, epoch: [11]/19, lr: [1.000]x1e-4, loss: [0.0082]
iter: [174400]/300000, epoch: [11]/19, lr: [1.000]x1e-4, loss: [0.0044]
iter: [174500]/300000, epoch: [11]/19, lr: [1.000]x1e-4, loss: [0.0049]
iter: [174600]/300000, epoch: [11]/19, lr: [1.000]x1e-4, loss: [0.0074]
iter: [174700]/300000, epoch: [11]/19, lr: [1.000]x1e-4, loss: [0.0038]
iter: [174800]/300000, epoch: [11]/19, lr: [1.000]x1e-4, loss: [0.0035]
iter: [174900]/300000, epoch: [11]/19, lr: [1.000]x1e-4, loss: [0.0041]
iter: [175000]/300000, epoch: [11]/19, lr: [1.000]x1e-4, loss: [0.0048]
iter: [175100]/300000, epoch: [11]/19, lr: [1.000]x1e-4, loss: [0.0038]
iter: [175200]/300000, epoch: [11]/19, lr: [1.000]x1e-4, loss: [0.0042]
iter: [175300]/300000, epoch: [11]/19, lr: [1.000]x1e-4, loss: [0.0086]
iter: [175400]/300000, epoch: [11]/19, lr: [1.000]x1e-4, loss: [0.0042]
iter: [175500]/300000, epoch: [11]/19, lr: [1.000]x1e-4, loss: [0.0045]
iter: [175600]/300000, epoch: [11]/19, lr: [1.000]x1e-4, loss: [0.0059]
iter: [175700]/300000, epoch: [11]/19, lr: [1.000]x1e-4, loss: [0.0051]
iter: [175800]/300000, epoch: [11]/19, lr: [1.000]x1e-4, loss: [0.0037]
iter: [175900]/300000, epoch: [11]/19, lr: [1.000]x1e-4, loss: [0.0047]
iter: [176000]/300000, epoch: [11]/19, lr: [1.000]x1e-4, loss: [0.0050]
iter: [176100]/300000, epoch: [11]/19, lr: [1.000]x1e-4, loss: [0.0054]
iter: [176200]/300000, epoch: [11]/19, lr: [1.000]x1e-4, loss: [0.0057]
iter: [176300]/300000, epoch: [11]/19, lr: [1.000]x1e-4, loss: [0.0072]
iter: [176400]/300000, epoch: [11]/19, lr: [1.000]x1e-4, loss: [0.0048]
iter: [176500]/300000, epoch: [11]/19, lr: [1.000]x1e-4, loss: [0.0044]
iter: [176600]/300000, epoch: [11]/19, lr: [1.000]x1e-4, loss: [0.0051]
iter: [176700]/300000, epoch: [11]/19, lr: [1.000]x1e-4, loss: [0.0039]
iter: [176800]/300000, epoch: [11]/19, lr: [1.000]x1e-4, loss: [0.0058]
iter: [176900]/300000, epoch: [11]/19, lr: [1.000]x1e-4, loss: [0.0040]
iter: [177000]/300000, epoch: [11]/19, lr: [1.000]x1e-4, loss: [0.0045]
iter: [177100]/300000, epoch: [11]/19, lr: [1.000]x1e-4, loss: [0.0051]
iter: [177200]/300000, epoch: [11]/19, lr: [1.000]x1e-4, loss: [0.0064]
iter: [177300]/300000, epoch: [11]/19, lr: [1.000]x1e-4, loss: [0.0044]
iter: [177400]/300000, epoch: [11]/19, lr: [1.000]x1e-4, loss: [0.0050]
iter: [177500]/300000, epoch: [11]/19, lr: [1.000]x1e-4, loss: [0.0041]
iter: [177600]/300000, epoch: [11]/19, lr: [1.000]x1e-4, loss: [0.0046]
iter: [177700]/300000, epoch: [11]/19, lr: [1.000]x1e-4, loss: [0.0042]
iter: [177800]/300000, epoch: [11]/19, lr: [1.000]x1e-4, loss: [0.0056]
iter: [177900]/300000, epoch: [11]/19, lr: [1.000]x1e-4, loss: [0.0044]
iter: [178000]/300000, epoch: [11]/19, lr: [1.000]x1e-4, loss: [0.0038]
iter: [178100]/300000, epoch: [11]/19, lr: [1.000]x1e-4, loss: [0.0033]
iter: [178200]/300000, epoch: [11]/19, lr: [1.000]x1e-4, loss: [0.0045]
iter: [178300]/300000, epoch: [11]/19, lr: [1.000]x1e-4, loss: [0.0052]
iter: [178400]/300000, epoch: [11]/19, lr: [1.000]x1e-4, loss: [0.0050]
iter: [178500]/300000, epoch: [11]/19, lr: [1.000]x1e-4, loss: [0.0058]
iter: [178600]/300000, epoch: [11]/19, lr: [1.000]x1e-4, loss: [0.0078]
iter: [178700]/300000, epoch: [11]/19, lr: [1.000]x1e-4, loss: [0.0055]
iter: [178800]/300000, epoch: [11]/19, lr: [1.000]x1e-4, loss: [0.0047]
iter: [178900]/300000, epoch: [11]/19, lr: [1.000]x1e-4, loss: [0.0057]
iter: [179000]/300000, epoch: [11]/19, lr: [1.000]x1e-4, loss: [0.0057]
iter: [179100]/300000, epoch: [11]/19, lr: [1.000]x1e-4, loss: [0.0047]
iter: [179200]/300000, epoch: [11]/19, lr: [1.000]x1e-4, loss: [0.0042]
iter: [179300]/300000, epoch: [11]/19, lr: [1.000]x1e-4, loss: [0.0052]
iter: [179400]/300000, epoch: [11]/19, lr: [1.000]x1e-4, loss: [0.0056]
iter: [179500]/300000, epoch: [11]/19, lr: [1.000]x1e-4, loss: [0.0050]
iter: [179600]/300000, epoch: [11]/19, lr: [1.000]x1e-4, loss: [0.0054]
iter: [179700]/300000, epoch: [11]/19, lr: [1.000]x1e-4, loss: [0.0052]
iter: [179800]/300000, epoch: [11]/19, lr: [1.000]x1e-4, loss: [0.0055]
iter: [179900]/300000, epoch: [11]/19, lr: [1.000]x1e-4, loss: [0.0041]
iter: [180000]/300000, epoch: [11]/19, lr: [1.000]x1e-4, loss: [0.0053]
iter: [180100]/300000, epoch: [11]/19, lr: [1.000]x1e-4, loss: [0.0051]
iter: [180200]/300000, epoch: [11]/19, lr: [1.000]x1e-4, loss: [0.0041]
iter: [180300]/300000, epoch: [11]/19, lr: [1.000]x1e-4, loss: [0.0055]
iter: [180400]/300000, epoch: [11]/19, lr: [1.000]x1e-4, loss: [0.0053]
iter: [180500]/300000, epoch: [11]/19, lr: [1.000]x1e-4, loss: [0.0049]
iter: [180600]/300000, epoch: [11]/19, lr: [1.000]x1e-4, loss: [0.0057]
iter: [180700]/300000, epoch: [11]/19, lr: [1.000]x1e-4, loss: [0.0040]
iter: [180800]/300000, epoch: [11]/19, lr: [1.000]x1e-4, loss: [0.0044]
iter: [180900]/300000, epoch: [11]/19, lr: [1.000]x1e-4, loss: [0.0038]
iter: [181000]/300000, epoch: [11]/19, lr: [1.000]x1e-4, loss: [0.0059]
iter: [181100]/300000, epoch: [11]/19, lr: [1.000]x1e-4, loss: [0.0030]
iter: [181200]/300000, epoch: [11]/19, lr: [1.000]x1e-4, loss: [0.0056]
iter: [181300]/300000, epoch: [11]/19, lr: [1.000]x1e-4, loss: [0.0047]
iter: [181400]/300000, epoch: [11]/19, lr: [1.000]x1e-4, loss: [0.0049]
iter: [181500]/300000, epoch: [11]/19, lr: [1.000]x1e-4, loss: [0.0040]
iter: [181600]/300000, epoch: [11]/19, lr: [1.000]x1e-4, loss: [0.0041]
iter: [181700]/300000, epoch: [11]/19, lr: [1.000]x1e-4, loss: [0.0031]
iter: [181800]/300000, epoch: [11]/19, lr: [1.000]x1e-4, loss: [0.0063]
iter: [181900]/300000, epoch: [11]/19, lr: [1.000]x1e-4, loss: [0.0054]
iter: [182000]/300000, epoch: [11]/19, lr: [1.000]x1e-4, loss: [0.0039]
iter: [182100]/300000, epoch: [11]/19, lr: [1.000]x1e-4, loss: [0.0054]
iter: [182200]/300000, epoch: [11]/19, lr: [1.000]x1e-4, loss: [0.0047]
iter: [182300]/300000, epoch: [11]/19, lr: [1.000]x1e-4, loss: [0.0056]
iter: [182400]/300000, epoch: [11]/19, lr: [1.000]x1e-4, loss: [0.0066]
iter: [182500]/300000, epoch: [11]/19, lr: [1.000]x1e-4, loss: [0.0065]
iter: [182600]/300000, epoch: [11]/19, lr: [1.000]x1e-4, loss: [0.0049]
iter: [182700]/300000, epoch: [11]/19, lr: [1.000]x1e-4, loss: [0.0057]
iter: [182800]/300000, epoch: [11]/19, lr: [1.000]x1e-4, loss: [0.0062]
iter: [182900]/300000, epoch: [11]/19, lr: [1.000]x1e-4, loss: [0.0058]
iter: [183000]/300000, epoch: [11]/19, lr: [1.000]x1e-4, loss: [0.0058]
iter: [183100]/300000, epoch: [11]/19, lr: [1.000]x1e-4, loss: [0.0044]
iter: [183200]/300000, epoch: [11]/19, lr: [1.000]x1e-4, loss: [0.0040]
iter: [183300]/300000, epoch: [11]/19, lr: [1.000]x1e-4, loss: [0.0076]
iter: [183400]/300000, epoch: [11]/19, lr: [1.000]x1e-4, loss: [0.0045]
iter: [183500]/300000, epoch: [11]/19, lr: [1.000]x1e-4, loss: [0.0039]
iter: [183600]/300000, epoch: [11]/19, lr: [1.000]x1e-4, loss: [0.0078]
iter: [183700]/300000, epoch: [11]/19, lr: [1.000]x1e-4, loss: [0.0033]
iter: [183800]/300000, epoch: [11]/19, lr: [1.000]x1e-4, loss: [0.0049]
iter: [183900]/300000, epoch: [11]/19, lr: [1.000]x1e-4, loss: [0.0035]
iter: [184000]/300000, epoch: [11]/19, lr: [1.000]x1e-4, loss: [0.0031]
iter: [184100]/300000, epoch: [11]/19, lr: [1.000]x1e-4, loss: [0.0061]
iter: [184200]/300000, epoch: [11]/19, lr: [1.000]x1e-4, loss: [0.0035]
iter: [184300]/300000, epoch: [11]/19, lr: [1.000]x1e-4, loss: [0.0048]
iter: [184400]/300000, epoch: [11]/19, lr: [1.000]x1e-4, loss: [0.0041]
iter: [184500]/300000, epoch: [11]/19, lr: [1.000]x1e-4, loss: [0.0052]
iter: [184600]/300000, epoch: [11]/19, lr: [1.000]x1e-4, loss: [0.0039]
iter: [184700]/300000, epoch: [11]/19, lr: [1.000]x1e-4, loss: [0.0058]
iter: [184800]/300000, epoch: [11]/19, lr: [1.000]x1e-4, loss: [0.0048]
iter: [184900]/300000, epoch: [11]/19, lr: [1.000]x1e-4, loss: [0.0044]
iter: [185000]/300000, epoch: [11]/19, lr: [1.000]x1e-4, loss: [0.0034]
iter: [185100]/300000, epoch: [11]/19, lr: [1.000]x1e-4, loss: [0.0040]
iter: [185200]/300000, epoch: [11]/19, lr: [1.000]x1e-4, loss: [0.0045]
iter: [185300]/300000, epoch: [11]/19, lr: [1.000]x1e-4, loss: [0.0036]
iter: [185400]/300000, epoch: [11]/19, lr: [1.000]x1e-4, loss: [0.0060]
iter: [185500]/300000, epoch: [11]/19, lr: [1.000]x1e-4, loss: [0.0036]
iter: [185600]/300000, epoch: [11]/19, lr: [1.000]x1e-4, loss: [0.0039]
iter: [185700]/300000, epoch: [11]/19, lr: [1.000]x1e-4, loss: [0.0059]
iter: [185800]/300000, epoch: [11]/19, lr: [1.000]x1e-4, loss: [0.0048]
iter: [185900]/300000, epoch: [11]/19, lr: [1.000]x1e-4, loss: [0.0040]
iter: [186000]/300000, epoch: [11]/19, lr: [1.000]x1e-4, loss: [0.0043]
iter: [186100]/300000, epoch: [11]/19, lr: [1.000]x1e-4, loss: [0.0048]
iter: [186200]/300000, epoch: [11]/19, lr: [1.000]x1e-4, loss: [0.0046]
iter: [186300]/300000, epoch: [11]/19, lr: [1.000]x1e-4, loss: [0.0047]
iter: [186400]/300000, epoch: [11]/19, lr: [1.000]x1e-4, loss: [0.0038]
iter: [186500]/300000, epoch: [11]/19, lr: [1.000]x1e-4, loss: [0.0031]
iter: [186600]/300000, epoch: [11]/19, lr: [1.000]x1e-4, loss: [0.0048]
iter: [186700]/300000, epoch: [11]/19, lr: [1.000]x1e-4, loss: [0.0058]
iter: [186800]/300000, epoch: [11]/19, lr: [1.000]x1e-4, loss: [0.0053]
iter: [186900]/300000, epoch: [11]/19, lr: [1.000]x1e-4, loss: [0.0051]
iter: [187000]/300000, epoch: [11]/19, lr: [1.000]x1e-4, loss: [0.0039]
iter: [187100]/300000, epoch: [11]/19, lr: [1.000]x1e-4, loss: [0.0050]
iter: [187200]/300000, epoch: [11]/19, lr: [1.000]x1e-4, loss: [0.0039]
iter: [187300]/300000, epoch: [11]/19, lr: [1.000]x1e-4, loss: [0.0031]
iter: [187400]/300000, epoch: [11]/19, lr: [1.000]x1e-4, loss: [0.0058]
iter: [187500]/300000, epoch: [11]/19, lr: [1.000]x1e-4, loss: [0.0039]
iter: [187600]/300000, epoch: [11]/19, lr: [1.000]x1e-4, loss: [0.0057]
iter: [187700]/300000, epoch: [11]/19, lr: [1.000]x1e-4, loss: [0.0048]
iter: [187800]/300000, epoch: [11]/19, lr: [1.000]x1e-4, loss: [0.0042]
iter: [187900]/300000, epoch: [11]/19, lr: [1.000]x1e-4, loss: [0.0044]
iter: [188000]/300000, epoch: [11]/19, lr: [1.000]x1e-4, loss: [0.0041]
iter: [188100]/300000, epoch: [11]/19, lr: [1.000]x1e-4, loss: [0.0054]
iter: [188200]/300000, epoch: [11]/19, lr: [1.000]x1e-4, loss: [0.0041]
iter: [188300]/300000, epoch: [11]/19, lr: [1.000]x1e-4, loss: [0.0052]
iter: [188400]/300000, epoch: [11]/19, lr: [1.000]x1e-4, loss: [0.0051]
iter: [188500]/300000, epoch: [11]/19, lr: [1.000]x1e-4, loss: [0.0059]
iter: [188600]/300000, epoch: [11]/19, lr: [1.000]x1e-4, loss: [0.0069]
iter: [188700]/300000, epoch: [11]/19, lr: [1.000]x1e-4, loss: [0.0076]
iter: [188800]/300000, epoch: [11]/19, lr: [1.000]x1e-4, loss: [0.0038]
iter: [188900]/300000, epoch: [11]/19, lr: [1.000]x1e-4, loss: [0.0056]
iter: [189000]/300000, epoch: [11]/19, lr: [1.000]x1e-4, loss: [0.0076]
iter: [189100]/300000, epoch: [12]/19, lr: [1.000]x1e-4, loss: [0.0065]
iter: [189200]/300000, epoch: [12]/19, lr: [1.000]x1e-4, loss: [0.0060]
iter: [189300]/300000, epoch: [12]/19, lr: [1.000]x1e-4, loss: [0.0032]
iter: [189400]/300000, epoch: [12]/19, lr: [1.000]x1e-4, loss: [0.0065]
iter: [189500]/300000, epoch: [12]/19, lr: [1.000]x1e-4, loss: [0.0027]
iter: [189600]/300000, epoch: [12]/19, lr: [1.000]x1e-4, loss: [0.0056]
iter: [189700]/300000, epoch: [12]/19, lr: [1.000]x1e-4, loss: [0.0036]
iter: [189800]/300000, epoch: [12]/19, lr: [1.000]x1e-4, loss: [0.0045]
iter: [189900]/300000, epoch: [12]/19, lr: [1.000]x1e-4, loss: [0.0031]
iter: [190000]/300000, epoch: [12]/19, lr: [1.000]x1e-4, loss: [0.0052]
iter: [190100]/300000, epoch: [12]/19, lr: [1.000]x1e-4, loss: [0.0036]
iter: [190200]/300000, epoch: [12]/19, lr: [1.000]x1e-4, loss: [0.0049]
iter: [190300]/300000, epoch: [12]/19, lr: [1.000]x1e-4, loss: [0.0042]
iter: [190400]/300000, epoch: [12]/19, lr: [1.000]x1e-4, loss: [0.0051]
iter: [190500]/300000, epoch: [12]/19, lr: [1.000]x1e-4, loss: [0.0032]
iter: [190600]/300000, epoch: [12]/19, lr: [1.000]x1e-4, loss: [0.0042]
iter: [190700]/300000, epoch: [12]/19, lr: [1.000]x1e-4, loss: [0.0056]
iter: [190800]/300000, epoch: [12]/19, lr: [1.000]x1e-4, loss: [0.0053]
iter: [190900]/300000, epoch: [12]/19, lr: [1.000]x1e-4, loss: [0.0035]
iter: [191000]/300000, epoch: [12]/19, lr: [1.000]x1e-4, loss: [0.0056]
iter: [191100]/300000, epoch: [12]/19, lr: [1.000]x1e-4, loss: [0.0057]
iter: [191200]/300000, epoch: [12]/19, lr: [1.000]x1e-4, loss: [0.0065]
iter: [191300]/300000, epoch: [12]/19, lr: [1.000]x1e-4, loss: [0.0030]
iter: [191400]/300000, epoch: [12]/19, lr: [1.000]x1e-4, loss: [0.0061]
iter: [191500]/300000, epoch: [12]/19, lr: [1.000]x1e-4, loss: [0.0049]
iter: [191600]/300000, epoch: [12]/19, lr: [1.000]x1e-4, loss: [0.0046]
iter: [191700]/300000, epoch: [12]/19, lr: [1.000]x1e-4, loss: [0.0034]
iter: [191800]/300000, epoch: [12]/19, lr: [1.000]x1e-4, loss: [0.0037]
iter: [191900]/300000, epoch: [12]/19, lr: [1.000]x1e-4, loss: [0.0062]
iter: [192000]/300000, epoch: [12]/19, lr: [1.000]x1e-4, loss: [0.0049]
iter: [192100]/300000, epoch: [12]/19, lr: [1.000]x1e-4, loss: [0.0054]
iter: [192200]/300000, epoch: [12]/19, lr: [1.000]x1e-4, loss: [0.0045]
iter: [192300]/300000, epoch: [12]/19, lr: [1.000]x1e-4, loss: [0.0046]
iter: [192400]/300000, epoch: [12]/19, lr: [1.000]x1e-4, loss: [0.0045]
iter: [192500]/300000, epoch: [12]/19, lr: [1.000]x1e-4, loss: [0.0051]
iter: [192600]/300000, epoch: [12]/19, lr: [1.000]x1e-4, loss: [0.0049]
iter: [192700]/300000, epoch: [12]/19, lr: [1.000]x1e-4, loss: [0.0039]
iter: [192800]/300000, epoch: [12]/19, lr: [1.000]x1e-4, loss: [0.0046]
iter: [192900]/300000, epoch: [12]/19, lr: [1.000]x1e-4, loss: [0.0040]
iter: [193000]/300000, epoch: [12]/19, lr: [1.000]x1e-4, loss: [0.0044]
iter: [193100]/300000, epoch: [12]/19, lr: [1.000]x1e-4, loss: [0.0060]
iter: [193200]/300000, epoch: [12]/19, lr: [1.000]x1e-4, loss: [0.0056]
iter: [193300]/300000, epoch: [12]/19, lr: [1.000]x1e-4, loss: [0.0035]
iter: [193400]/300000, epoch: [12]/19, lr: [1.000]x1e-4, loss: [0.0037]
iter: [193500]/300000, epoch: [12]/19, lr: [1.000]x1e-4, loss: [0.0045]
iter: [193600]/300000, epoch: [12]/19, lr: [1.000]x1e-4, loss: [0.0061]
iter: [193700]/300000, epoch: [12]/19, lr: [1.000]x1e-4, loss: [0.0039]
iter: [193800]/300000, epoch: [12]/19, lr: [1.000]x1e-4, loss: [0.0044]
iter: [193900]/300000, epoch: [12]/19, lr: [1.000]x1e-4, loss: [0.0046]
iter: [194000]/300000, epoch: [12]/19, lr: [1.000]x1e-4, loss: [0.0048]
iter: [194100]/300000, epoch: [12]/19, lr: [1.000]x1e-4, loss: [0.0043]
iter: [194200]/300000, epoch: [12]/19, lr: [1.000]x1e-4, loss: [0.0050]
iter: [194300]/300000, epoch: [12]/19, lr: [1.000]x1e-4, loss: [0.0052]
iter: [194400]/300000, epoch: [12]/19, lr: [1.000]x1e-4, loss: [0.0045]
iter: [194500]/300000, epoch: [12]/19, lr: [1.000]x1e-4, loss: [0.0044]
iter: [194600]/300000, epoch: [12]/19, lr: [1.000]x1e-4, loss: [0.0053]
iter: [194700]/300000, epoch: [12]/19, lr: [1.000]x1e-4, loss: [0.0055]
iter: [194800]/300000, epoch: [12]/19, lr: [1.000]x1e-4, loss: [0.0051]
iter: [194900]/300000, epoch: [12]/19, lr: [1.000]x1e-4, loss: [0.0042]
iter: [195000]/300000, epoch: [12]/19, lr: [1.000]x1e-4, loss: [0.0047]
iter: [195100]/300000, epoch: [12]/19, lr: [1.000]x1e-4, loss: [0.0052]
iter: [195200]/300000, epoch: [12]/19, lr: [1.000]x1e-4, loss: [0.0028]
iter: [195300]/300000, epoch: [12]/19, lr: [1.000]x1e-4, loss: [0.0045]
iter: [195400]/300000, epoch: [12]/19, lr: [1.000]x1e-4, loss: [0.0043]
iter: [195500]/300000, epoch: [12]/19, lr: [1.000]x1e-4, loss: [0.0038]
iter: [195600]/300000, epoch: [12]/19, lr: [1.000]x1e-4, loss: [0.0060]
iter: [195700]/300000, epoch: [12]/19, lr: [1.000]x1e-4, loss: [0.0056]
iter: [195800]/300000, epoch: [12]/19, lr: [1.000]x1e-4, loss: [0.0048]
iter: [195900]/300000, epoch: [12]/19, lr: [1.000]x1e-4, loss: [0.0048]
iter: [196000]/300000, epoch: [12]/19, lr: [1.000]x1e-4, loss: [0.0045]
iter: [196100]/300000, epoch: [12]/19, lr: [1.000]x1e-4, loss: [0.0050]
iter: [196200]/300000, epoch: [12]/19, lr: [1.000]x1e-4, loss: [0.0040]
iter: [196300]/300000, epoch: [12]/19, lr: [1.000]x1e-4, loss: [0.0049]
iter: [196400]/300000, epoch: [12]/19, lr: [1.000]x1e-4, loss: [0.0059]
iter: [196500]/300000, epoch: [12]/19, lr: [1.000]x1e-4, loss: [0.0037]
iter: [196600]/300000, epoch: [12]/19, lr: [1.000]x1e-4, loss: [0.0055]
iter: [196700]/300000, epoch: [12]/19, lr: [1.000]x1e-4, loss: [0.0031]
iter: [196800]/300000, epoch: [12]/19, lr: [1.000]x1e-4, loss: [0.0045]
iter: [196900]/300000, epoch: [12]/19, lr: [1.000]x1e-4, loss: [0.0061]
iter: [197000]/300000, epoch: [12]/19, lr: [1.000]x1e-4, loss: [0.0040]
iter: [197100]/300000, epoch: [12]/19, lr: [1.000]x1e-4, loss: [0.0036]
iter: [197200]/300000, epoch: [12]/19, lr: [1.000]x1e-4, loss: [0.0040]
iter: [197300]/300000, epoch: [12]/19, lr: [1.000]x1e-4, loss: [0.0038]
iter: [197400]/300000, epoch: [12]/19, lr: [1.000]x1e-4, loss: [0.0042]
iter: [197500]/300000, epoch: [12]/19, lr: [1.000]x1e-4, loss: [0.0054]
iter: [197600]/300000, epoch: [12]/19, lr: [1.000]x1e-4, loss: [0.0058]
iter: [197700]/300000, epoch: [12]/19, lr: [1.000]x1e-4, loss: [0.0051]
iter: [197800]/300000, epoch: [12]/19, lr: [1.000]x1e-4, loss: [0.0028]
iter: [197900]/300000, epoch: [12]/19, lr: [1.000]x1e-4, loss: [0.0072]
iter: [198000]/300000, epoch: [12]/19, lr: [1.000]x1e-4, loss: [0.0051]
iter: [198100]/300000, epoch: [12]/19, lr: [1.000]x1e-4, loss: [0.0045]
iter: [198200]/300000, epoch: [12]/19, lr: [1.000]x1e-4, loss: [0.0047]
iter: [198300]/300000, epoch: [12]/19, lr: [1.000]x1e-4, loss: [0.0046]
iter: [198400]/300000, epoch: [12]/19, lr: [1.000]x1e-4, loss: [0.0046]
iter: [198500]/300000, epoch: [12]/19, lr: [1.000]x1e-4, loss: [0.0050]
iter: [198600]/300000, epoch: [12]/19, lr: [1.000]x1e-4, loss: [0.0037]
iter: [198700]/300000, epoch: [12]/19, lr: [1.000]x1e-4, loss: [0.0066]
iter: [198800]/300000, epoch: [12]/19, lr: [1.000]x1e-4, loss: [0.0037]
iter: [198900]/300000, epoch: [12]/19, lr: [1.000]x1e-4, loss: [0.0097]
iter: [199000]/300000, epoch: [12]/19, lr: [1.000]x1e-4, loss: [0.0030]
iter: [199100]/300000, epoch: [12]/19, lr: [1.000]x1e-4, loss: [0.0071]
iter: [199200]/300000, epoch: [12]/19, lr: [1.000]x1e-4, loss: [0.0039]
iter: [199300]/300000, epoch: [12]/19, lr: [1.000]x1e-4, loss: [0.0068]
iter: [199400]/300000, epoch: [12]/19, lr: [1.000]x1e-4, loss: [0.0030]
iter: [199500]/300000, epoch: [12]/19, lr: [1.000]x1e-4, loss: [0.0060]
iter: [199600]/300000, epoch: [12]/19, lr: [1.000]x1e-4, loss: [0.0044]
iter: [199700]/300000, epoch: [12]/19, lr: [1.000]x1e-4, loss: [0.0077]
iter: [199800]/300000, epoch: [12]/19, lr: [1.000]x1e-4, loss: [0.0035]
iter: [199900]/300000, epoch: [12]/19, lr: [1.000]x1e-4, loss: [0.0050]
iter: [200000]/300000, epoch: [12]/19, lr: [1.000]x1e-4, loss: [0.0033]
> model saved at exp/STM_NM4_LDQP37_1920dataset_enlarge300x/ckp_200000.pt
> ave val per: [33.691] dB
iter: [200100]/300000, epoch: [12]/19, lr: [1.000]x1e-4, loss: [0.0050]
iter: [200200]/300000, epoch: [12]/19, lr: [1.000]x1e-4, loss: [0.0046]
iter: [200300]/300000, epoch: [12]/19, lr: [1.000]x1e-4, loss: [0.0045]
iter: [200400]/300000, epoch: [12]/19, lr: [1.000]x1e-4, loss: [0.0053]
iter: [200500]/300000, epoch: [12]/19, lr: [1.000]x1e-4, loss: [0.0047]
iter: [200600]/300000, epoch: [12]/19, lr: [1.000]x1e-4, loss: [0.0049]
iter: [200700]/300000, epoch: [12]/19, lr: [1.000]x1e-4, loss: [0.0041]
iter: [200800]/300000, epoch: [12]/19, lr: [1.000]x1e-4, loss: [0.0060]
iter: [200900]/300000, epoch: [12]/19, lr: [1.000]x1e-4, loss: [0.0068]
iter: [201000]/300000, epoch: [12]/19, lr: [1.000]x1e-4, loss: [0.0047]
iter: [201100]/300000, epoch: [12]/19, lr: [1.000]x1e-4, loss: [0.0044]
iter: [201200]/300000, epoch: [12]/19, lr: [1.000]x1e-4, loss: [0.0051]
iter: [201300]/300000, epoch: [12]/19, lr: [1.000]x1e-4, loss: [0.0046]
iter: [201400]/300000, epoch: [12]/19, lr: [1.000]x1e-4, loss: [0.0049]
iter: [201500]/300000, epoch: [12]/19, lr: [1.000]x1e-4, loss: [0.0052]
iter: [201600]/300000, epoch: [12]/19, lr: [1.000]x1e-4, loss: [0.0069]
iter: [201700]/300000, epoch: [12]/19, lr: [1.000]x1e-4, loss: [0.0038]
iter: [201800]/300000, epoch: [12]/19, lr: [1.000]x1e-4, loss: [0.0070]
iter: [201900]/300000, epoch: [12]/19, lr: [1.000]x1e-4, loss: [0.0069]
iter: [202000]/300000, epoch: [12]/19, lr: [1.000]x1e-4, loss: [0.0034]
iter: [202100]/300000, epoch: [12]/19, lr: [1.000]x1e-4, loss: [0.0037]
iter: [202200]/300000, epoch: [12]/19, lr: [1.000]x1e-4, loss: [0.0048]
iter: [202300]/300000, epoch: [12]/19, lr: [1.000]x1e-4, loss: [0.0040]
iter: [202400]/300000, epoch: [12]/19, lr: [1.000]x1e-4, loss: [0.0045]
iter: [202500]/300000, epoch: [12]/19, lr: [1.000]x1e-4, loss: [0.0040]
iter: [202600]/300000, epoch: [12]/19, lr: [1.000]x1e-4, loss: [0.0055]
iter: [202700]/300000, epoch: [12]/19, lr: [1.000]x1e-4, loss: [0.0057]
iter: [202800]/300000, epoch: [12]/19, lr: [1.000]x1e-4, loss: [0.0039]
iter: [202900]/300000, epoch: [12]/19, lr: [1.000]x1e-4, loss: [0.0043]
iter: [203000]/300000, epoch: [12]/19, lr: [1.000]x1e-4, loss: [0.0052]
iter: [203100]/300000, epoch: [12]/19, lr: [1.000]x1e-4, loss: [0.0054]
iter: [203200]/300000, epoch: [12]/19, lr: [1.000]x1e-4, loss: [0.0042]
iter: [203300]/300000, epoch: [12]/19, lr: [1.000]x1e-4, loss: [0.0036]
iter: [203400]/300000, epoch: [12]/19, lr: [1.000]x1e-4, loss: [0.0065]
iter: [203500]/300000, epoch: [12]/19, lr: [1.000]x1e-4, loss: [0.0060]
iter: [203600]/300000, epoch: [12]/19, lr: [1.000]x1e-4, loss: [0.0049]
iter: [203700]/300000, epoch: [12]/19, lr: [1.000]x1e-4, loss: [0.0042]
iter: [203800]/300000, epoch: [12]/19, lr: [1.000]x1e-4, loss: [0.0029]
iter: [203900]/300000, epoch: [12]/19, lr: [1.000]x1e-4, loss: [0.0050]
iter: [204000]/300000, epoch: [12]/19, lr: [1.000]x1e-4, loss: [0.0030]
iter: [204100]/300000, epoch: [12]/19, lr: [1.000]x1e-4, loss: [0.0067]
iter: [204200]/300000, epoch: [12]/19, lr: [1.000]x1e-4, loss: [0.0050]
iter: [204300]/300000, epoch: [12]/19, lr: [1.000]x1e-4, loss: [0.0053]
iter: [204400]/300000, epoch: [12]/19, lr: [1.000]x1e-4, loss: [0.0057]
iter: [204500]/300000, epoch: [12]/19, lr: [1.000]x1e-4, loss: [0.0032]
iter: [204600]/300000, epoch: [12]/19, lr: [1.000]x1e-4, loss: [0.0041]
iter: [204700]/300000, epoch: [12]/19, lr: [1.000]x1e-4, loss: [0.0065]
iter: [204800]/300000, epoch: [13]/19, lr: [1.000]x1e-4, loss: [0.0059]
iter: [204900]/300000, epoch: [13]/19, lr: [1.000]x1e-4, loss: [0.0039]
iter: [205000]/300000, epoch: [13]/19, lr: [1.000]x1e-4, loss: [0.0054]
> model saved at exp/STM_NM4_LDQP37_1920dataset_enlarge300x/ckp_205000.pt
> ave val per: [33.726] dB
iter: [205100]/300000, epoch: [13]/19, lr: [1.000]x1e-4, loss: [0.0048]
iter: [205200]/300000, epoch: [13]/19, lr: [1.000]x1e-4, loss: [0.0062]
iter: [205300]/300000, epoch: [13]/19, lr: [1.000]x1e-4, loss: [0.0046]
iter: [205400]/300000, epoch: [13]/19, lr: [1.000]x1e-4, loss: [0.0042]
iter: [205500]/300000, epoch: [13]/19, lr: [1.000]x1e-4, loss: [0.0042]
iter: [205600]/300000, epoch: [13]/19, lr: [1.000]x1e-4, loss: [0.0037]
iter: [205700]/300000, epoch: [13]/19, lr: [1.000]x1e-4, loss: [0.0051]
iter: [205800]/300000, epoch: [13]/19, lr: [1.000]x1e-4, loss: [0.0064]
iter: [205900]/300000, epoch: [13]/19, lr: [1.000]x1e-4, loss: [0.0055]
iter: [206000]/300000, epoch: [13]/19, lr: [1.000]x1e-4, loss: [0.0063]
iter: [206100]/300000, epoch: [13]/19, lr: [1.000]x1e-4, loss: [0.0045]
iter: [206200]/300000, epoch: [13]/19, lr: [1.000]x1e-4, loss: [0.0038]
iter: [206300]/300000, epoch: [13]/19, lr: [1.000]x1e-4, loss: [0.0051]
iter: [206400]/300000, epoch: [13]/19, lr: [1.000]x1e-4, loss: [0.0058]
iter: [206500]/300000, epoch: [13]/19, lr: [1.000]x1e-4, loss: [0.0057]
iter: [206600]/300000, epoch: [13]/19, lr: [1.000]x1e-4, loss: [0.0035]
iter: [206700]/300000, epoch: [13]/19, lr: [1.000]x1e-4, loss: [0.0048]
iter: [206800]/300000, epoch: [13]/19, lr: [1.000]x1e-4, loss: [0.0044]
iter: [206900]/300000, epoch: [13]/19, lr: [1.000]x1e-4, loss: [0.0037]
iter: [207000]/300000, epoch: [13]/19, lr: [1.000]x1e-4, loss: [0.0029]
iter: [207100]/300000, epoch: [13]/19, lr: [1.000]x1e-4, loss: [0.0047]
iter: [207200]/300000, epoch: [13]/19, lr: [1.000]x1e-4, loss: [0.0047]
iter: [207300]/300000, epoch: [13]/19, lr: [1.000]x1e-4, loss: [0.0035]
iter: [207400]/300000, epoch: [13]/19, lr: [1.000]x1e-4, loss: [0.0063]
iter: [207500]/300000, epoch: [13]/19, lr: [1.000]x1e-4, loss: [0.0053]
iter: [207600]/300000, epoch: [13]/19, lr: [1.000]x1e-4, loss: [0.0051]
iter: [207700]/300000, epoch: [13]/19, lr: [1.000]x1e-4, loss: [0.0038]
iter: [207800]/300000, epoch: [13]/19, lr: [1.000]x1e-4, loss: [0.0055]
iter: [207900]/300000, epoch: [13]/19, lr: [1.000]x1e-4, loss: [0.0042]
iter: [208000]/300000, epoch: [13]/19, lr: [1.000]x1e-4, loss: [0.0044]
iter: [208100]/300000, epoch: [13]/19, lr: [1.000]x1e-4, loss: [0.0057]
iter: [208200]/300000, epoch: [13]/19, lr: [1.000]x1e-4, loss: [0.0033]
iter: [208300]/300000, epoch: [13]/19, lr: [1.000]x1e-4, loss: [0.0033]
iter: [208400]/300000, epoch: [13]/19, lr: [1.000]x1e-4, loss: [0.0027]
iter: [208500]/300000, epoch: [13]/19, lr: [1.000]x1e-4, loss: [0.0045]
iter: [208600]/300000, epoch: [13]/19, lr: [1.000]x1e-4, loss: [0.0047]
iter: [208700]/300000, epoch: [13]/19, lr: [1.000]x1e-4, loss: [0.0033]
iter: [208800]/300000, epoch: [13]/19, lr: [1.000]x1e-4, loss: [0.0043]
iter: [208900]/300000, epoch: [13]/19, lr: [1.000]x1e-4, loss: [0.0048]
iter: [209000]/300000, epoch: [13]/19, lr: [1.000]x1e-4, loss: [0.0046]
iter: [209100]/300000, epoch: [13]/19, lr: [1.000]x1e-4, loss: [0.0047]
iter: [209200]/300000, epoch: [13]/19, lr: [1.000]x1e-4, loss: [0.0043]
iter: [209300]/300000, epoch: [13]/19, lr: [1.000]x1e-4, loss: [0.0037]
iter: [209400]/300000, epoch: [13]/19, lr: [1.000]x1e-4, loss: [0.0035]
iter: [209500]/300000, epoch: [13]/19, lr: [1.000]x1e-4, loss: [0.0053]
iter: [209600]/300000, epoch: [13]/19, lr: [1.000]x1e-4, loss: [0.0055]
iter: [209700]/300000, epoch: [13]/19, lr: [1.000]x1e-4, loss: [0.0031]
iter: [209800]/300000, epoch: [13]/19, lr: [1.000]x1e-4, loss: [0.0047]
iter: [209900]/300000, epoch: [13]/19, lr: [1.000]x1e-4, loss: [0.0050]
iter: [210000]/300000, epoch: [13]/19, lr: [1.000]x1e-4, loss: [0.0045]
> model saved at exp/STM_NM4_LDQP37_1920dataset_enlarge300x/ckp_210000.pt
> ave val per: [33.766] dB
iter: [210100]/300000, epoch: [13]/19, lr: [1.000]x1e-4, loss: [0.0043]
iter: [210200]/300000, epoch: [13]/19, lr: [1.000]x1e-4, loss: [0.0047]
iter: [210300]/300000, epoch: [13]/19, lr: [1.000]x1e-4, loss: [0.0041]
iter: [210400]/300000, epoch: [13]/19, lr: [1.000]x1e-4, loss: [0.0055]
iter: [210500]/300000, epoch: [13]/19, lr: [1.000]x1e-4, loss: [0.0034]
iter: [210600]/300000, epoch: [13]/19, lr: [1.000]x1e-4, loss: [0.0033]
iter: [210700]/300000, epoch: [13]/19, lr: [1.000]x1e-4, loss: [0.0043]
iter: [210800]/300000, epoch: [13]/19, lr: [1.000]x1e-4, loss: [0.0040]
iter: [210900]/300000, epoch: [13]/19, lr: [1.000]x1e-4, loss: [0.0032]
iter: [211000]/300000, epoch: [13]/19, lr: [1.000]x1e-4, loss: [0.0052]
iter: [211100]/300000, epoch: [13]/19, lr: [1.000]x1e-4, loss: [0.0035]
iter: [211200]/300000, epoch: [13]/19, lr: [1.000]x1e-4, loss: [0.0057]
iter: [211300]/300000, epoch: [13]/19, lr: [1.000]x1e-4, loss: [0.0043]
iter: [211400]/300000, epoch: [13]/19, lr: [1.000]x1e-4, loss: [0.0039]
iter: [211500]/300000, epoch: [13]/19, lr: [1.000]x1e-4, loss: [0.0038]
iter: [211600]/300000, epoch: [13]/19, lr: [1.000]x1e-4, loss: [0.0058]
iter: [211700]/300000, epoch: [13]/19, lr: [1.000]x1e-4, loss: [0.0041]
iter: [211800]/300000, epoch: [13]/19, lr: [1.000]x1e-4, loss: [0.0033]
iter: [211900]/300000, epoch: [13]/19, lr: [1.000]x1e-4, loss: [0.0049]
iter: [212000]/300000, epoch: [13]/19, lr: [1.000]x1e-4, loss: [0.0046]
iter: [212100]/300000, epoch: [13]/19, lr: [1.000]x1e-4, loss: [0.0032]
iter: [212200]/300000, epoch: [13]/19, lr: [1.000]x1e-4, loss: [0.0041]
iter: [212300]/300000, epoch: [13]/19, lr: [1.000]x1e-4, loss: [0.0054]
iter: [212400]/300000, epoch: [13]/19, lr: [1.000]x1e-4, loss: [0.0049]
iter: [212500]/300000, epoch: [13]/19, lr: [1.000]x1e-4, loss: [0.0035]
iter: [212600]/300000, epoch: [13]/19, lr: [1.000]x1e-4, loss: [0.0044]
iter: [212700]/300000, epoch: [13]/19, lr: [1.000]x1e-4, loss: [0.0064]
iter: [212800]/300000, epoch: [13]/19, lr: [1.000]x1e-4, loss: [0.0037]
iter: [212900]/300000, epoch: [13]/19, lr: [1.000]x1e-4, loss: [0.0075]
iter: [213000]/300000, epoch: [13]/19, lr: [1.000]x1e-4, loss: [0.0044]
iter: [213100]/300000, epoch: [13]/19, lr: [1.000]x1e-4, loss: [0.0046]
iter: [213200]/300000, epoch: [13]/19, lr: [1.000]x1e-4, loss: [0.0030]
iter: [213300]/300000, epoch: [13]/19, lr: [1.000]x1e-4, loss: [0.0046]
iter: [213400]/300000, epoch: [13]/19, lr: [1.000]x1e-4, loss: [0.0031]
iter: [213500]/300000, epoch: [13]/19, lr: [1.000]x1e-4, loss: [0.0051]
iter: [213600]/300000, epoch: [13]/19, lr: [1.000]x1e-4, loss: [0.0051]
iter: [213700]/300000, epoch: [13]/19, lr: [1.000]x1e-4, loss: [0.0029]
iter: [213800]/300000, epoch: [13]/19, lr: [1.000]x1e-4, loss: [0.0049]
iter: [213900]/300000, epoch: [13]/19, lr: [1.000]x1e-4, loss: [0.0062]
iter: [214000]/300000, epoch: [13]/19, lr: [1.000]x1e-4, loss: [0.0049]
iter: [214100]/300000, epoch: [13]/19, lr: [1.000]x1e-4, loss: [0.0056]
iter: [214200]/300000, epoch: [13]/19, lr: [1.000]x1e-4, loss: [0.0031]
iter: [214300]/300000, epoch: [13]/19, lr: [1.000]x1e-4, loss: [0.0033]
iter: [214400]/300000, epoch: [13]/19, lr: [1.000]x1e-4, loss: [0.0062]
iter: [214500]/300000, epoch: [13]/19, lr: [1.000]x1e-4, loss: [0.0041]
iter: [214600]/300000, epoch: [13]/19, lr: [1.000]x1e-4, loss: [0.0039]
iter: [214700]/300000, epoch: [13]/19, lr: [1.000]x1e-4, loss: [0.0051]
iter: [214800]/300000, epoch: [13]/19, lr: [1.000]x1e-4, loss: [0.0067]
iter: [214900]/300000, epoch: [13]/19, lr: [1.000]x1e-4, loss: [0.0066]
iter: [215000]/300000, epoch: [13]/19, lr: [1.000]x1e-4, loss: [0.0065]
> model saved at exp/STM_NM4_LDQP37_1920dataset_enlarge300x/ckp_215000.pt
> ave val per: [33.742] dB
iter: [215100]/300000, epoch: [13]/19, lr: [1.000]x1e-4, loss: [0.0045]
iter: [215200]/300000, epoch: [13]/19, lr: [1.000]x1e-4, loss: [0.0046]
iter: [215300]/300000, epoch: [13]/19, lr: [1.000]x1e-4, loss: [0.0059]
iter: [215400]/300000, epoch: [13]/19, lr: [1.000]x1e-4, loss: [0.0061]
iter: [215500]/300000, epoch: [13]/19, lr: [1.000]x1e-4, loss: [0.0050]
iter: [215600]/300000, epoch: [13]/19, lr: [1.000]x1e-4, loss: [0.0043]
iter: [215700]/300000, epoch: [13]/19, lr: [1.000]x1e-4, loss: [0.0028]
iter: [215800]/300000, epoch: [13]/19, lr: [1.000]x1e-4, loss: [0.0051]
iter: [215900]/300000, epoch: [13]/19, lr: [1.000]x1e-4, loss: [0.0061]
iter: [216000]/300000, epoch: [13]/19, lr: [1.000]x1e-4, loss: [0.0041]
iter: [216100]/300000, epoch: [13]/19, lr: [1.000]x1e-4, loss: [0.0055]
iter: [216200]/300000, epoch: [13]/19, lr: [1.000]x1e-4, loss: [0.0053]
iter: [216300]/300000, epoch: [13]/19, lr: [1.000]x1e-4, loss: [0.0051]
iter: [216400]/300000, epoch: [13]/19, lr: [1.000]x1e-4, loss: [0.0044]
iter: [216500]/300000, epoch: [13]/19, lr: [1.000]x1e-4, loss: [0.0049]
iter: [216600]/300000, epoch: [13]/19, lr: [1.000]x1e-4, loss: [0.0046]
iter: [216700]/300000, epoch: [13]/19, lr: [1.000]x1e-4, loss: [0.0046]
iter: [216800]/300000, epoch: [13]/19, lr: [1.000]x1e-4, loss: [0.0074]
iter: [216900]/300000, epoch: [13]/19, lr: [1.000]x1e-4, loss: [0.0038]
iter: [217000]/300000, epoch: [13]/19, lr: [1.000]x1e-4, loss: [0.0044]
iter: [217100]/300000, epoch: [13]/19, lr: [1.000]x1e-4, loss: [0.0063]
iter: [217200]/300000, epoch: [13]/19, lr: [1.000]x1e-4, loss: [0.0053]
iter: [217300]/300000, epoch: [13]/19, lr: [1.000]x1e-4, loss: [0.0040]
iter: [217400]/300000, epoch: [13]/19, lr: [1.000]x1e-4, loss: [0.0064]
iter: [217500]/300000, epoch: [13]/19, lr: [1.000]x1e-4, loss: [0.0044]
iter: [217600]/300000, epoch: [13]/19, lr: [1.000]x1e-4, loss: [0.0076]
iter: [217700]/300000, epoch: [13]/19, lr: [1.000]x1e-4, loss: [0.0056]
iter: [217800]/300000, epoch: [13]/19, lr: [1.000]x1e-4, loss: [0.0041]
iter: [217900]/300000, epoch: [13]/19, lr: [1.000]x1e-4, loss: [0.0060]
iter: [218000]/300000, epoch: [13]/19, lr: [1.000]x1e-4, loss: [0.0043]
iter: [218100]/300000, epoch: [13]/19, lr: [1.000]x1e-4, loss: [0.0044]
iter: [218200]/300000, epoch: [13]/19, lr: [1.000]x1e-4, loss: [0.0046]
iter: [218300]/300000, epoch: [13]/19, lr: [1.000]x1e-4, loss: [0.0046]
iter: [218400]/300000, epoch: [13]/19, lr: [1.000]x1e-4, loss: [0.0048]
iter: [218500]/300000, epoch: [13]/19, lr: [1.000]x1e-4, loss: [0.0045]
iter: [218600]/300000, epoch: [13]/19, lr: [1.000]x1e-4, loss: [0.0035]
iter: [218700]/300000, epoch: [13]/19, lr: [1.000]x1e-4, loss: [0.0066]
iter: [218800]/300000, epoch: [13]/19, lr: [1.000]x1e-4, loss: [0.0048]
iter: [218900]/300000, epoch: [13]/19, lr: [1.000]x1e-4, loss: [0.0046]
iter: [219000]/300000, epoch: [13]/19, lr: [1.000]x1e-4, loss: [0.0048]
iter: [219100]/300000, epoch: [13]/19, lr: [1.000]x1e-4, loss: [0.0075]
iter: [219200]/300000, epoch: [13]/19, lr: [1.000]x1e-4, loss: [0.0046]
iter: [219300]/300000, epoch: [13]/19, lr: [1.000]x1e-4, loss: [0.0027]
iter: [219400]/300000, epoch: [13]/19, lr: [1.000]x1e-4, loss: [0.0067]
iter: [219500]/300000, epoch: [13]/19, lr: [1.000]x1e-4, loss: [0.0061]
iter: [219600]/300000, epoch: [13]/19, lr: [1.000]x1e-4, loss: [0.0064]
iter: [219700]/300000, epoch: [13]/19, lr: [1.000]x1e-4, loss: [0.0026]
iter: [219800]/300000, epoch: [13]/19, lr: [1.000]x1e-4, loss: [0.0040]
iter: [219900]/300000, epoch: [13]/19, lr: [1.000]x1e-4, loss: [0.0046]
iter: [220000]/300000, epoch: [13]/19, lr: [1.000]x1e-4, loss: [0.0070]
> model saved at exp/STM_NM4_LDQP37_1920dataset_enlarge300x/ckp_220000.pt
> ave val per: [33.668] dB
iter: [220100]/300000, epoch: [13]/19, lr: [1.000]x1e-4, loss: [0.0040]
iter: [220200]/300000, epoch: [13]/19, lr: [1.000]x1e-4, loss: [0.0048]
iter: [220300]/300000, epoch: [13]/19, lr: [1.000]x1e-4, loss: [0.0041]
iter: [220400]/300000, epoch: [13]/19, lr: [1.000]x1e-4, loss: [0.0052]
iter: [220500]/300000, epoch: [13]/19, lr: [1.000]x1e-4, loss: [0.0036]
iter: [220600]/300000, epoch: [14]/19, lr: [1.000]x1e-4, loss: [0.0034]
iter: [220700]/300000, epoch: [14]/19, lr: [1.000]x1e-4, loss: [0.0036]
iter: [220800]/300000, epoch: [14]/19, lr: [1.000]x1e-4, loss: [0.0044]
iter: [220900]/300000, epoch: [14]/19, lr: [1.000]x1e-4, loss: [0.0043]
iter: [221000]/300000, epoch: [14]/19, lr: [1.000]x1e-4, loss: [0.0061]
iter: [221100]/300000, epoch: [14]/19, lr: [1.000]x1e-4, loss: [0.0035]
iter: [221200]/300000, epoch: [14]/19, lr: [1.000]x1e-4, loss: [0.0043]
iter: [221300]/300000, epoch: [14]/19, lr: [1.000]x1e-4, loss: [0.0064]
iter: [221400]/300000, epoch: [14]/19, lr: [1.000]x1e-4, loss: [0.0050]
iter: [221500]/300000, epoch: [14]/19, lr: [1.000]x1e-4, loss: [0.0040]
iter: [221600]/300000, epoch: [14]/19, lr: [1.000]x1e-4, loss: [0.0065]
iter: [221700]/300000, epoch: [14]/19, lr: [1.000]x1e-4, loss: [0.0062]
iter: [221800]/300000, epoch: [14]/19, lr: [1.000]x1e-4, loss: [0.0037]
iter: [221900]/300000, epoch: [14]/19, lr: [1.000]x1e-4, loss: [0.0043]
iter: [222000]/300000, epoch: [14]/19, lr: [1.000]x1e-4, loss: [0.0048]
iter: [222100]/300000, epoch: [14]/19, lr: [1.000]x1e-4, loss: [0.0048]
iter: [222200]/300000, epoch: [14]/19, lr: [1.000]x1e-4, loss: [0.0038]
iter: [222300]/300000, epoch: [14]/19, lr: [1.000]x1e-4, loss: [0.0040]
iter: [222400]/300000, epoch: [14]/19, lr: [1.000]x1e-4, loss: [0.0037]
iter: [222500]/300000, epoch: [14]/19, lr: [1.000]x1e-4, loss: [0.0056]
iter: [222600]/300000, epoch: [14]/19, lr: [1.000]x1e-4, loss: [0.0046]
iter: [222700]/300000, epoch: [14]/19, lr: [1.000]x1e-4, loss: [0.0061]
iter: [222800]/300000, epoch: [14]/19, lr: [1.000]x1e-4, loss: [0.0058]
iter: [222900]/300000, epoch: [14]/19, lr: [1.000]x1e-4, loss: [0.0045]
iter: [223000]/300000, epoch: [14]/19, lr: [1.000]x1e-4, loss: [0.0031]
iter: [223100]/300000, epoch: [14]/19, lr: [1.000]x1e-4, loss: [0.0053]
iter: [223200]/300000, epoch: [14]/19, lr: [1.000]x1e-4, loss: [0.0062]
iter: [223300]/300000, epoch: [14]/19, lr: [1.000]x1e-4, loss: [0.0049]
iter: [223400]/300000, epoch: [14]/19, lr: [1.000]x1e-4, loss: [0.0044]
iter: [223500]/300000, epoch: [14]/19, lr: [1.000]x1e-4, loss: [0.0045]
iter: [223600]/300000, epoch: [14]/19, lr: [1.000]x1e-4, loss: [0.0064]
iter: [223700]/300000, epoch: [14]/19, lr: [1.000]x1e-4, loss: [0.0038]
iter: [223800]/300000, epoch: [14]/19, lr: [1.000]x1e-4, loss: [0.0076]
iter: [223900]/300000, epoch: [14]/19, lr: [1.000]x1e-4, loss: [0.0054]
iter: [224000]/300000, epoch: [14]/19, lr: [1.000]x1e-4, loss: [0.0053]
iter: [224100]/300000, epoch: [14]/19, lr: [1.000]x1e-4, loss: [0.0036]
iter: [224200]/300000, epoch: [14]/19, lr: [1.000]x1e-4, loss: [0.0055]
iter: [224300]/300000, epoch: [14]/19, lr: [1.000]x1e-4, loss: [0.0043]
iter: [224400]/300000, epoch: [14]/19, lr: [1.000]x1e-4, loss: [0.0039]
iter: [224500]/300000, epoch: [14]/19, lr: [1.000]x1e-4, loss: [0.0045]
iter: [224600]/300000, epoch: [14]/19, lr: [1.000]x1e-4, loss: [0.0037]
iter: [224700]/300000, epoch: [14]/19, lr: [1.000]x1e-4, loss: [0.0044]
iter: [224800]/300000, epoch: [14]/19, lr: [1.000]x1e-4, loss: [0.0055]
iter: [224900]/300000, epoch: [14]/19, lr: [1.000]x1e-4, loss: [0.0052]
iter: [225000]/300000, epoch: [14]/19, lr: [1.000]x1e-4, loss: [0.0040]
> model saved at exp/STM_NM4_LDQP37_1920dataset_enlarge300x/ckp_225000.pt
> ave val per: [33.743] dB
iter: [225100]/300000, epoch: [14]/19, lr: [1.000]x1e-4, loss: [0.0054]
iter: [225200]/300000, epoch: [14]/19, lr: [1.000]x1e-4, loss: [0.0041]
iter: [225300]/300000, epoch: [14]/19, lr: [1.000]x1e-4, loss: [0.0055]
iter: [225400]/300000, epoch: [14]/19, lr: [1.000]x1e-4, loss: [0.0039]
iter: [225500]/300000, epoch: [14]/19, lr: [1.000]x1e-4, loss: [0.0037]
iter: [225600]/300000, epoch: [14]/19, lr: [1.000]x1e-4, loss: [0.0061]
iter: [225700]/300000, epoch: [14]/19, lr: [1.000]x1e-4, loss: [0.0047]
iter: [225800]/300000, epoch: [14]/19, lr: [1.000]x1e-4, loss: [0.0073]
iter: [225900]/300000, epoch: [14]/19, lr: [1.000]x1e-4, loss: [0.0038]
iter: [226000]/300000, epoch: [14]/19, lr: [1.000]x1e-4, loss: [0.0046]
iter: [226100]/300000, epoch: [14]/19, lr: [1.000]x1e-4, loss: [0.0038]
iter: [226200]/300000, epoch: [14]/19, lr: [1.000]x1e-4, loss: [0.0046]
iter: [226300]/300000, epoch: [14]/19, lr: [1.000]x1e-4, loss: [0.0037]
iter: [226400]/300000, epoch: [14]/19, lr: [1.000]x1e-4, loss: [0.0030]
iter: [226500]/300000, epoch: [14]/19, lr: [1.000]x1e-4, loss: [0.0040]
iter: [226600]/300000, epoch: [14]/19, lr: [1.000]x1e-4, loss: [0.0055]
iter: [226700]/300000, epoch: [14]/19, lr: [1.000]x1e-4, loss: [0.0054]
iter: [226800]/300000, epoch: [14]/19, lr: [1.000]x1e-4, loss: [0.0037]
iter: [226900]/300000, epoch: [14]/19, lr: [1.000]x1e-4, loss: [0.0041]
iter: [227000]/300000, epoch: [14]/19, lr: [1.000]x1e-4, loss: [0.0028]
iter: [227100]/300000, epoch: [14]/19, lr: [1.000]x1e-4, loss: [0.0072]
iter: [227200]/300000, epoch: [14]/19, lr: [1.000]x1e-4, loss: [0.0047]
iter: [227300]/300000, epoch: [14]/19, lr: [1.000]x1e-4, loss: [0.0029]
iter: [227400]/300000, epoch: [14]/19, lr: [1.000]x1e-4, loss: [0.0054]
iter: [227500]/300000, epoch: [14]/19, lr: [1.000]x1e-4, loss: [0.0050]
iter: [227600]/300000, epoch: [14]/19, lr: [1.000]x1e-4, loss: [0.0049]
iter: [227700]/300000, epoch: [14]/19, lr: [1.000]x1e-4, loss: [0.0047]
iter: [227800]/300000, epoch: [14]/19, lr: [1.000]x1e-4, loss: [0.0048]
iter: [227900]/300000, epoch: [14]/19, lr: [1.000]x1e-4, loss: [0.0045]
iter: [228000]/300000, epoch: [14]/19, lr: [1.000]x1e-4, loss: [0.0053]
iter: [228100]/300000, epoch: [14]/19, lr: [1.000]x1e-4, loss: [0.0044]
iter: [228200]/300000, epoch: [14]/19, lr: [1.000]x1e-4, loss: [0.0033]
iter: [228300]/300000, epoch: [14]/19, lr: [1.000]x1e-4, loss: [0.0047]
iter: [228400]/300000, epoch: [14]/19, lr: [1.000]x1e-4, loss: [0.0041]
iter: [228500]/300000, epoch: [14]/19, lr: [1.000]x1e-4, loss: [0.0043]
iter: [228600]/300000, epoch: [14]/19, lr: [1.000]x1e-4, loss: [0.0037]
iter: [228700]/300000, epoch: [14]/19, lr: [1.000]x1e-4, loss: [0.0070]
iter: [228800]/300000, epoch: [14]/19, lr: [1.000]x1e-4, loss: [0.0063]
iter: [228900]/300000, epoch: [14]/19, lr: [1.000]x1e-4, loss: [0.0043]
iter: [229000]/300000, epoch: [14]/19, lr: [1.000]x1e-4, loss: [0.0035]
iter: [229100]/300000, epoch: [14]/19, lr: [1.000]x1e-4, loss: [0.0037]
iter: [229200]/300000, epoch: [14]/19, lr: [1.000]x1e-4, loss: [0.0061]
iter: [229300]/300000, epoch: [14]/19, lr: [1.000]x1e-4, loss: [0.0039]
iter: [229400]/300000, epoch: [14]/19, lr: [1.000]x1e-4, loss: [0.0038]
iter: [229500]/300000, epoch: [14]/19, lr: [1.000]x1e-4, loss: [0.0050]
iter: [229600]/300000, epoch: [14]/19, lr: [1.000]x1e-4, loss: [0.0063]
iter: [229700]/300000, epoch: [14]/19, lr: [1.000]x1e-4, loss: [0.0041]
iter: [229800]/300000, epoch: [14]/19, lr: [1.000]x1e-4, loss: [0.0051]
iter: [229900]/300000, epoch: [14]/19, lr: [1.000]x1e-4, loss: [0.0054]
iter: [230000]/300000, epoch: [14]/19, lr: [1.000]x1e-4, loss: [0.0036]
> model saved at exp/STM_NM4_LDQP37_1920dataset_enlarge300x/ckp_230000.pt
> ave val per: [33.765] dB
iter: [230100]/300000, epoch: [14]/19, lr: [1.000]x1e-4, loss: [0.0046]
iter: [230200]/300000, epoch: [14]/19, lr: [1.000]x1e-4, loss: [0.0050]
iter: [230300]/300000, epoch: [14]/19, lr: [1.000]x1e-4, loss: [0.0051]
iter: [230400]/300000, epoch: [14]/19, lr: [1.000]x1e-4, loss: [0.0050]
iter: [230500]/300000, epoch: [14]/19, lr: [1.000]x1e-4, loss: [0.0033]
iter: [230600]/300000, epoch: [14]/19, lr: [1.000]x1e-4, loss: [0.0047]
iter: [230700]/300000, epoch: [14]/19, lr: [1.000]x1e-4, loss: [0.0034]
iter: [230800]/300000, epoch: [14]/19, lr: [1.000]x1e-4, loss: [0.0067]
iter: [230900]/300000, epoch: [14]/19, lr: [1.000]x1e-4, loss: [0.0061]
iter: [231000]/300000, epoch: [14]/19, lr: [1.000]x1e-4, loss: [0.0048]
iter: [231100]/300000, epoch: [14]/19, lr: [1.000]x1e-4, loss: [0.0034]
iter: [231200]/300000, epoch: [14]/19, lr: [1.000]x1e-4, loss: [0.0058]
iter: [231300]/300000, epoch: [14]/19, lr: [1.000]x1e-4, loss: [0.0043]
iter: [231400]/300000, epoch: [14]/19, lr: [1.000]x1e-4, loss: [0.0041]
iter: [231500]/300000, epoch: [14]/19, lr: [1.000]x1e-4, loss: [0.0053]
iter: [231600]/300000, epoch: [14]/19, lr: [1.000]x1e-4, loss: [0.0059]
iter: [231700]/300000, epoch: [14]/19, lr: [1.000]x1e-4, loss: [0.0075]
iter: [231800]/300000, epoch: [14]/19, lr: [1.000]x1e-4, loss: [0.0044]
iter: [231900]/300000, epoch: [14]/19, lr: [1.000]x1e-4, loss: [0.0062]
iter: [232000]/300000, epoch: [14]/19, lr: [1.000]x1e-4, loss: [0.0102]
iter: [232100]/300000, epoch: [14]/19, lr: [1.000]x1e-4, loss: [0.0052]
iter: [232200]/300000, epoch: [14]/19, lr: [1.000]x1e-4, loss: [0.0045]
iter: [232300]/300000, epoch: [14]/19, lr: [1.000]x1e-4, loss: [0.0043]
iter: [232400]/300000, epoch: [14]/19, lr: [1.000]x1e-4, loss: [0.0048]
iter: [232500]/300000, epoch: [14]/19, lr: [1.000]x1e-4, loss: [0.0044]
iter: [232600]/300000, epoch: [14]/19, lr: [1.000]x1e-4, loss: [0.0051]
iter: [232700]/300000, epoch: [14]/19, lr: [1.000]x1e-4, loss: [0.0036]
iter: [232800]/300000, epoch: [14]/19, lr: [1.000]x1e-4, loss: [0.0038]
iter: [232900]/300000, epoch: [14]/19, lr: [1.000]x1e-4, loss: [0.0047]
iter: [233000]/300000, epoch: [14]/19, lr: [1.000]x1e-4, loss: [0.0031]
iter: [233100]/300000, epoch: [14]/19, lr: [1.000]x1e-4, loss: [0.0050]
iter: [233200]/300000, epoch: [14]/19, lr: [1.000]x1e-4, loss: [0.0063]
iter: [233300]/300000, epoch: [14]/19, lr: [1.000]x1e-4, loss: [0.0040]
iter: [233400]/300000, epoch: [14]/19, lr: [1.000]x1e-4, loss: [0.0047]
iter: [233500]/300000, epoch: [14]/19, lr: [1.000]x1e-4, loss: [0.0043]
iter: [233600]/300000, epoch: [14]/19, lr: [1.000]x1e-4, loss: [0.0035]
iter: [233700]/300000, epoch: [14]/19, lr: [1.000]x1e-4, loss: [0.0028]
iter: [233800]/300000, epoch: [14]/19, lr: [1.000]x1e-4, loss: [0.0050]
iter: [233900]/300000, epoch: [14]/19, lr: [1.000]x1e-4, loss: [0.0039]
iter: [234000]/300000, epoch: [14]/19, lr: [1.000]x1e-4, loss: [0.0041]
iter: [234100]/300000, epoch: [14]/19, lr: [1.000]x1e-4, loss: [0.0039]
iter: [234200]/300000, epoch: [14]/19, lr: [1.000]x1e-4, loss: [0.0056]
iter: [234300]/300000, epoch: [14]/19, lr: [1.000]x1e-4, loss: [0.0044]
iter: [234400]/300000, epoch: [14]/19, lr: [1.000]x1e-4, loss: [0.0030]
iter: [234500]/300000, epoch: [14]/19, lr: [1.000]x1e-4, loss: [0.0037]
iter: [234600]/300000, epoch: [14]/19, lr: [1.000]x1e-4, loss: [0.0043]
iter: [234700]/300000, epoch: [14]/19, lr: [1.000]x1e-4, loss: [0.0056]
iter: [234800]/300000, epoch: [14]/19, lr: [1.000]x1e-4, loss: [0.0045]
iter: [234900]/300000, epoch: [14]/19, lr: [1.000]x1e-4, loss: [0.0068]
iter: [235000]/300000, epoch: [14]/19, lr: [1.000]x1e-4, loss: [0.0057]
> model saved at exp/STM_NM4_LDQP37_1920dataset_enlarge300x/ckp_235000.pt
> ave val per: [33.765] dB
iter: [235100]/300000, epoch: [14]/19, lr: [1.000]x1e-4, loss: [0.0049]
iter: [235200]/300000, epoch: [14]/19, lr: [1.000]x1e-4, loss: [0.0045]
iter: [235300]/300000, epoch: [14]/19, lr: [1.000]x1e-4, loss: [0.0059]
iter: [235400]/300000, epoch: [14]/19, lr: [1.000]x1e-4, loss: [0.0065]
iter: [235500]/300000, epoch: [14]/19, lr: [1.000]x1e-4, loss: [0.0062]
iter: [235600]/300000, epoch: [14]/19, lr: [1.000]x1e-4, loss: [0.0049]
iter: [235700]/300000, epoch: [14]/19, lr: [1.000]x1e-4, loss: [0.0039]
iter: [235800]/300000, epoch: [14]/19, lr: [1.000]x1e-4, loss: [0.0032]
iter: [235900]/300000, epoch: [14]/19, lr: [1.000]x1e-4, loss: [0.0067]
iter: [236000]/300000, epoch: [14]/19, lr: [1.000]x1e-4, loss: [0.0038]
iter: [236100]/300000, epoch: [14]/19, lr: [1.000]x1e-4, loss: [0.0038]
iter: [236200]/300000, epoch: [14]/19, lr: [1.000]x1e-4, loss: [0.0056]
iter: [236300]/300000, epoch: [15]/19, lr: [1.000]x1e-4, loss: [0.0029]
iter: [236400]/300000, epoch: [15]/19, lr: [1.000]x1e-4, loss: [0.0053]
iter: [236500]/300000, epoch: [15]/19, lr: [1.000]x1e-4, loss: [0.0068]
iter: [236600]/300000, epoch: [15]/19, lr: [1.000]x1e-4, loss: [0.0053]
iter: [236700]/300000, epoch: [15]/19, lr: [1.000]x1e-4, loss: [0.0054]
iter: [236800]/300000, epoch: [15]/19, lr: [1.000]x1e-4, loss: [0.0062]
iter: [236900]/300000, epoch: [15]/19, lr: [1.000]x1e-4, loss: [0.0036]
iter: [237000]/300000, epoch: [15]/19, lr: [1.000]x1e-4, loss: [0.0061]
iter: [237100]/300000, epoch: [15]/19, lr: [1.000]x1e-4, loss: [0.0047]
iter: [237200]/300000, epoch: [15]/19, lr: [1.000]x1e-4, loss: [0.0064]
iter: [237300]/300000, epoch: [15]/19, lr: [1.000]x1e-4, loss: [0.0043]
iter: [237400]/300000, epoch: [15]/19, lr: [1.000]x1e-4, loss: [0.0030]
iter: [237500]/300000, epoch: [15]/19, lr: [1.000]x1e-4, loss: [0.0051]
iter: [237600]/300000, epoch: [15]/19, lr: [1.000]x1e-4, loss: [0.0039]
iter: [237700]/300000, epoch: [15]/19, lr: [1.000]x1e-4, loss: [0.0048]
iter: [237800]/300000, epoch: [15]/19, lr: [1.000]x1e-4, loss: [0.0059]
iter: [237900]/300000, epoch: [15]/19, lr: [1.000]x1e-4, loss: [0.0073]
iter: [238000]/300000, epoch: [15]/19, lr: [1.000]x1e-4, loss: [0.0047]
iter: [238100]/300000, epoch: [15]/19, lr: [1.000]x1e-4, loss: [0.0051]
iter: [238200]/300000, epoch: [15]/19, lr: [1.000]x1e-4, loss: [0.0048]
iter: [238300]/300000, epoch: [15]/19, lr: [1.000]x1e-4, loss: [0.0072]
iter: [238400]/300000, epoch: [15]/19, lr: [1.000]x1e-4, loss: [0.0046]
iter: [238500]/300000, epoch: [15]/19, lr: [1.000]x1e-4, loss: [0.0046]
iter: [238600]/300000, epoch: [15]/19, lr: [1.000]x1e-4, loss: [0.0044]
iter: [238700]/300000, epoch: [15]/19, lr: [1.000]x1e-4, loss: [0.0056]
iter: [238800]/300000, epoch: [15]/19, lr: [1.000]x1e-4, loss: [0.0058]
iter: [238900]/300000, epoch: [15]/19, lr: [1.000]x1e-4, loss: [0.0036]
iter: [239000]/300000, epoch: [15]/19, lr: [1.000]x1e-4, loss: [0.0084]
iter: [239100]/300000, epoch: [15]/19, lr: [1.000]x1e-4, loss: [0.0053]
iter: [239200]/300000, epoch: [15]/19, lr: [1.000]x1e-4, loss: [0.0043]
iter: [239300]/300000, epoch: [15]/19, lr: [1.000]x1e-4, loss: [0.0038]
iter: [239400]/300000, epoch: [15]/19, lr: [1.000]x1e-4, loss: [0.0057]
iter: [239500]/300000, epoch: [15]/19, lr: [1.000]x1e-4, loss: [0.0040]
iter: [239600]/300000, epoch: [15]/19, lr: [1.000]x1e-4, loss: [0.0053]
iter: [239700]/300000, epoch: [15]/19, lr: [1.000]x1e-4, loss: [0.0031]
iter: [239800]/300000, epoch: [15]/19, lr: [1.000]x1e-4, loss: [0.0046]
iter: [239900]/300000, epoch: [15]/19, lr: [1.000]x1e-4, loss: [0.0055]
iter: [240000]/300000, epoch: [15]/19, lr: [1.000]x1e-4, loss: [0.0043]
> model saved at exp/STM_NM4_LDQP37_1920dataset_enlarge300x/ckp_240000.pt
> ave val per: [33.735] dB
iter: [240100]/300000, epoch: [15]/19, lr: [1.000]x1e-4, loss: [0.0042]
iter: [240200]/300000, epoch: [15]/19, lr: [1.000]x1e-4, loss: [0.0047]
iter: [240300]/300000, epoch: [15]/19, lr: [1.000]x1e-4, loss: [0.0057]
iter: [240400]/300000, epoch: [15]/19, lr: [1.000]x1e-4, loss: [0.0040]
iter: [240500]/300000, epoch: [15]/19, lr: [1.000]x1e-4, loss: [0.0039]
iter: [240600]/300000, epoch: [15]/19, lr: [1.000]x1e-4, loss: [0.0061]
iter: [240700]/300000, epoch: [15]/19, lr: [1.000]x1e-4, loss: [0.0054]
iter: [240800]/300000, epoch: [15]/19, lr: [1.000]x1e-4, loss: [0.0074]
iter: [240900]/300000, epoch: [15]/19, lr: [1.000]x1e-4, loss: [0.0076]
iter: [241000]/300000, epoch: [15]/19, lr: [1.000]x1e-4, loss: [0.0067]
iter: [241100]/300000, epoch: [15]/19, lr: [1.000]x1e-4, loss: [0.0073]
iter: [241200]/300000, epoch: [15]/19, lr: [1.000]x1e-4, loss: [0.0043]
iter: [241300]/300000, epoch: [15]/19, lr: [1.000]x1e-4, loss: [0.0039]
iter: [241400]/300000, epoch: [15]/19, lr: [1.000]x1e-4, loss: [0.0041]
iter: [241500]/300000, epoch: [15]/19, lr: [1.000]x1e-4, loss: [0.0040]
iter: [241600]/300000, epoch: [15]/19, lr: [1.000]x1e-4, loss: [0.0037]
iter: [241700]/300000, epoch: [15]/19, lr: [1.000]x1e-4, loss: [0.0032]
iter: [241800]/300000, epoch: [15]/19, lr: [1.000]x1e-4, loss: [0.0059]
iter: [241900]/300000, epoch: [15]/19, lr: [1.000]x1e-4, loss: [0.0036]
iter: [242000]/300000, epoch: [15]/19, lr: [1.000]x1e-4, loss: [0.0046]
iter: [242100]/300000, epoch: [15]/19, lr: [1.000]x1e-4, loss: [0.0032]
iter: [242200]/300000, epoch: [15]/19, lr: [1.000]x1e-4, loss: [0.0054]
iter: [242300]/300000, epoch: [15]/19, lr: [1.000]x1e-4, loss: [0.0037]
iter: [242400]/300000, epoch: [15]/19, lr: [1.000]x1e-4, loss: [0.0058]
iter: [242500]/300000, epoch: [15]/19, lr: [1.000]x1e-4, loss: [0.0050]
iter: [242600]/300000, epoch: [15]/19, lr: [1.000]x1e-4, loss: [0.0039]
iter: [242700]/300000, epoch: [15]/19, lr: [1.000]x1e-4, loss: [0.0043]
iter: [242800]/300000, epoch: [15]/19, lr: [1.000]x1e-4, loss: [0.0055]
iter: [242900]/300000, epoch: [15]/19, lr: [1.000]x1e-4, loss: [0.0053]
iter: [243000]/300000, epoch: [15]/19, lr: [1.000]x1e-4, loss: [0.0050]
iter: [243100]/300000, epoch: [15]/19, lr: [1.000]x1e-4, loss: [0.0043]
iter: [243200]/300000, epoch: [15]/19, lr: [1.000]x1e-4, loss: [0.0042]
iter: [243300]/300000, epoch: [15]/19, lr: [1.000]x1e-4, loss: [0.0040]
iter: [243400]/300000, epoch: [15]/19, lr: [1.000]x1e-4, loss: [0.0039]
iter: [243500]/300000, epoch: [15]/19, lr: [1.000]x1e-4, loss: [0.0062]
iter: [243600]/300000, epoch: [15]/19, lr: [1.000]x1e-4, loss: [0.0055]
iter: [243700]/300000, epoch: [15]/19, lr: [1.000]x1e-4, loss: [0.0037]
iter: [243800]/300000, epoch: [15]/19, lr: [1.000]x1e-4, loss: [0.0056]
iter: [243900]/300000, epoch: [15]/19, lr: [1.000]x1e-4, loss: [0.0042]
iter: [244000]/300000, epoch: [15]/19, lr: [1.000]x1e-4, loss: [0.0050]
iter: [244100]/300000, epoch: [15]/19, lr: [1.000]x1e-4, loss: [0.0058]
iter: [244200]/300000, epoch: [15]/19, lr: [1.000]x1e-4, loss: [0.0047]
iter: [244300]/300000, epoch: [15]/19, lr: [1.000]x1e-4, loss: [0.0026]
iter: [244400]/300000, epoch: [15]/19, lr: [1.000]x1e-4, loss: [0.0036]
iter: [244500]/300000, epoch: [15]/19, lr: [1.000]x1e-4, loss: [0.0055]
iter: [244600]/300000, epoch: [15]/19, lr: [1.000]x1e-4, loss: [0.0042]
iter: [244700]/300000, epoch: [15]/19, lr: [1.000]x1e-4, loss: [0.0037]
iter: [244800]/300000, epoch: [15]/19, lr: [1.000]x1e-4, loss: [0.0053]
iter: [244900]/300000, epoch: [15]/19, lr: [1.000]x1e-4, loss: [0.0043]
iter: [245000]/300000, epoch: [15]/19, lr: [1.000]x1e-4, loss: [0.0064]
> model saved at exp/STM_NM4_LDQP37_1920dataset_enlarge300x/ckp_245000.pt
> ave val per: [33.750] dB
iter: [245100]/300000, epoch: [15]/19, lr: [1.000]x1e-4, loss: [0.0065]
iter: [245200]/300000, epoch: [15]/19, lr: [1.000]x1e-4, loss: [0.0042]
iter: [245300]/300000, epoch: [15]/19, lr: [1.000]x1e-4, loss: [0.0056]
iter: [245400]/300000, epoch: [15]/19, lr: [1.000]x1e-4, loss: [0.0056]
iter: [245500]/300000, epoch: [15]/19, lr: [1.000]x1e-4, loss: [0.0042]
iter: [245600]/300000, epoch: [15]/19, lr: [1.000]x1e-4, loss: [0.0074]
iter: [245700]/300000, epoch: [15]/19, lr: [1.000]x1e-4, loss: [0.0042]
iter: [245800]/300000, epoch: [15]/19, lr: [1.000]x1e-4, loss: [0.0052]
iter: [245900]/300000, epoch: [15]/19, lr: [1.000]x1e-4, loss: [0.0058]
iter: [246000]/300000, epoch: [15]/19, lr: [1.000]x1e-4, loss: [0.0040]
iter: [246100]/300000, epoch: [15]/19, lr: [1.000]x1e-4, loss: [0.0044]
iter: [246200]/300000, epoch: [15]/19, lr: [1.000]x1e-4, loss: [0.0053]
iter: [246300]/300000, epoch: [15]/19, lr: [1.000]x1e-4, loss: [0.0053]
iter: [246400]/300000, epoch: [15]/19, lr: [1.000]x1e-4, loss: [0.0045]
iter: [246500]/300000, epoch: [15]/19, lr: [1.000]x1e-4, loss: [0.0038]
iter: [246600]/300000, epoch: [15]/19, lr: [1.000]x1e-4, loss: [0.0052]
iter: [246700]/300000, epoch: [15]/19, lr: [1.000]x1e-4, loss: [0.0042]
iter: [246800]/300000, epoch: [15]/19, lr: [1.000]x1e-4, loss: [0.0079]
iter: [246900]/300000, epoch: [15]/19, lr: [1.000]x1e-4, loss: [0.0030]
iter: [247000]/300000, epoch: [15]/19, lr: [1.000]x1e-4, loss: [0.0048]
iter: [247100]/300000, epoch: [15]/19, lr: [1.000]x1e-4, loss: [0.0052]
iter: [247200]/300000, epoch: [15]/19, lr: [1.000]x1e-4, loss: [0.0035]
iter: [247300]/300000, epoch: [15]/19, lr: [1.000]x1e-4, loss: [0.0056]
iter: [247400]/300000, epoch: [15]/19, lr: [1.000]x1e-4, loss: [0.0053]
iter: [247500]/300000, epoch: [15]/19, lr: [1.000]x1e-4, loss: [0.0048]
iter: [247600]/300000, epoch: [15]/19, lr: [1.000]x1e-4, loss: [0.0061]
iter: [247700]/300000, epoch: [15]/19, lr: [1.000]x1e-4, loss: [0.0055]
iter: [247800]/300000, epoch: [15]/19, lr: [1.000]x1e-4, loss: [0.0057]
iter: [247900]/300000, epoch: [15]/19, lr: [1.000]x1e-4, loss: [0.0051]
iter: [248000]/300000, epoch: [15]/19, lr: [1.000]x1e-4, loss: [0.0054]
iter: [248100]/300000, epoch: [15]/19, lr: [1.000]x1e-4, loss: [0.0036]
iter: [248200]/300000, epoch: [15]/19, lr: [1.000]x1e-4, loss: [0.0060]
iter: [248300]/300000, epoch: [15]/19, lr: [1.000]x1e-4, loss: [0.0046]
iter: [248400]/300000, epoch: [15]/19, lr: [1.000]x1e-4, loss: [0.0066]
iter: [248500]/300000, epoch: [15]/19, lr: [1.000]x1e-4, loss: [0.0060]
iter: [248600]/300000, epoch: [15]/19, lr: [1.000]x1e-4, loss: [0.0029]
iter: [248700]/300000, epoch: [15]/19, lr: [1.000]x1e-4, loss: [0.0054]
iter: [248800]/300000, epoch: [15]/19, lr: [1.000]x1e-4, loss: [0.0062]
iter: [248900]/300000, epoch: [15]/19, lr: [1.000]x1e-4, loss: [0.0042]
iter: [249000]/300000, epoch: [15]/19, lr: [1.000]x1e-4, loss: [0.0048]
iter: [249100]/300000, epoch: [15]/19, lr: [1.000]x1e-4, loss: [0.0033]
iter: [249200]/300000, epoch: [15]/19, lr: [1.000]x1e-4, loss: [0.0050]
iter: [249300]/300000, epoch: [15]/19, lr: [1.000]x1e-4, loss: [0.0030]
iter: [249400]/300000, epoch: [15]/19, lr: [1.000]x1e-4, loss: [0.0048]
iter: [249500]/300000, epoch: [15]/19, lr: [1.000]x1e-4, loss: [0.0042]
iter: [249600]/300000, epoch: [15]/19, lr: [1.000]x1e-4, loss: [0.0037]
iter: [249700]/300000, epoch: [15]/19, lr: [1.000]x1e-4, loss: [0.0056]
iter: [249800]/300000, epoch: [15]/19, lr: [1.000]x1e-4, loss: [0.0063]
iter: [249900]/300000, epoch: [15]/19, lr: [1.000]x1e-4, loss: [0.0040]
iter: [250000]/300000, epoch: [15]/19, lr: [1.000]x1e-4, loss: [0.0039]
> model saved at exp/STM_NM4_LDQP37_1920dataset_enlarge300x/ckp_250000.pt
> ave val per: [33.745] dB
iter: [250100]/300000, epoch: [15]/19, lr: [1.000]x1e-4, loss: [0.0047]
iter: [250200]/300000, epoch: [15]/19, lr: [1.000]x1e-4, loss: [0.0067]
iter: [250300]/300000, epoch: [15]/19, lr: [1.000]x1e-4, loss: [0.0057]
iter: [250400]/300000, epoch: [15]/19, lr: [1.000]x1e-4, loss: [0.0041]
iter: [250500]/300000, epoch: [15]/19, lr: [1.000]x1e-4, loss: [0.0051]
iter: [250600]/300000, epoch: [15]/19, lr: [1.000]x1e-4, loss: [0.0051]
iter: [250700]/300000, epoch: [15]/19, lr: [1.000]x1e-4, loss: [0.0050]
iter: [250800]/300000, epoch: [15]/19, lr: [1.000]x1e-4, loss: [0.0038]
iter: [250900]/300000, epoch: [15]/19, lr: [1.000]x1e-4, loss: [0.0056]
iter: [251000]/300000, epoch: [15]/19, lr: [1.000]x1e-4, loss: [0.0053]
iter: [251100]/300000, epoch: [15]/19, lr: [1.000]x1e-4, loss: [0.0038]
iter: [251200]/300000, epoch: [15]/19, lr: [1.000]x1e-4, loss: [0.0064]
iter: [251300]/300000, epoch: [15]/19, lr: [1.000]x1e-4, loss: [0.0042]
iter: [251400]/300000, epoch: [15]/19, lr: [1.000]x1e-4, loss: [0.0050]
iter: [251500]/300000, epoch: [15]/19, lr: [1.000]x1e-4, loss: [0.0050]
iter: [251600]/300000, epoch: [15]/19, lr: [1.000]x1e-4, loss: [0.0033]
iter: [251700]/300000, epoch: [15]/19, lr: [1.000]x1e-4, loss: [0.0061]
iter: [251800]/300000, epoch: [15]/19, lr: [1.000]x1e-4, loss: [0.0023]
iter: [251900]/300000, epoch: [15]/19, lr: [1.000]x1e-4, loss: [0.0045]
iter: [252000]/300000, epoch: [15]/19, lr: [1.000]x1e-4, loss: [0.0039]
iter: [252100]/300000, epoch: [16]/19, lr: [1.000]x1e-4, loss: [0.0053]
iter: [252200]/300000, epoch: [16]/19, lr: [1.000]x1e-4, loss: [0.0038]
iter: [252300]/300000, epoch: [16]/19, lr: [1.000]x1e-4, loss: [0.0044]
iter: [252400]/300000, epoch: [16]/19, lr: [1.000]x1e-4, loss: [0.0050]
iter: [252500]/300000, epoch: [16]/19, lr: [1.000]x1e-4, loss: [0.0058]
iter: [252600]/300000, epoch: [16]/19, lr: [1.000]x1e-4, loss: [0.0046]
iter: [252700]/300000, epoch: [16]/19, lr: [1.000]x1e-4, loss: [0.0051]
iter: [252800]/300000, epoch: [16]/19, lr: [1.000]x1e-4, loss: [0.0049]
iter: [252900]/300000, epoch: [16]/19, lr: [1.000]x1e-4, loss: [0.0053]
iter: [253000]/300000, epoch: [16]/19, lr: [1.000]x1e-4, loss: [0.0052]
iter: [253100]/300000, epoch: [16]/19, lr: [1.000]x1e-4, loss: [0.0033]
iter: [253200]/300000, epoch: [16]/19, lr: [1.000]x1e-4, loss: [0.0042]
iter: [253300]/300000, epoch: [16]/19, lr: [1.000]x1e-4, loss: [0.0034]
iter: [253400]/300000, epoch: [16]/19, lr: [1.000]x1e-4, loss: [0.0070]
iter: [253500]/300000, epoch: [16]/19, lr: [1.000]x1e-4, loss: [0.0055]
iter: [253600]/300000, epoch: [16]/19, lr: [1.000]x1e-4, loss: [0.0036]
iter: [253700]/300000, epoch: [16]/19, lr: [1.000]x1e-4, loss: [0.0075]
iter: [253800]/300000, epoch: [16]/19, lr: [1.000]x1e-4, loss: [0.0067]
iter: [253900]/300000, epoch: [16]/19, lr: [1.000]x1e-4, loss: [0.0049]
iter: [254000]/300000, epoch: [16]/19, lr: [1.000]x1e-4, loss: [0.0037]
iter: [254100]/300000, epoch: [16]/19, lr: [1.000]x1e-4, loss: [0.0041]
iter: [254200]/300000, epoch: [16]/19, lr: [1.000]x1e-4, loss: [0.0051]
iter: [254300]/300000, epoch: [16]/19, lr: [1.000]x1e-4, loss: [0.0047]
iter: [254400]/300000, epoch: [16]/19, lr: [1.000]x1e-4, loss: [0.0031]
iter: [254500]/300000, epoch: [16]/19, lr: [1.000]x1e-4, loss: [0.0077]
iter: [254600]/300000, epoch: [16]/19, lr: [1.000]x1e-4, loss: [0.0048]
iter: [254700]/300000, epoch: [16]/19, lr: [1.000]x1e-4, loss: [0.0049]
iter: [254800]/300000, epoch: [16]/19, lr: [1.000]x1e-4, loss: [0.0040]
iter: [254900]/300000, epoch: [16]/19, lr: [1.000]x1e-4, loss: [0.0049]
iter: [255000]/300000, epoch: [16]/19, lr: [1.000]x1e-4, loss: [0.0049]
> model saved at exp/STM_NM4_LDQP37_1920dataset_enlarge300x/ckp_255000.pt
> ave val per: [33.760] dB
iter: [255100]/300000, epoch: [16]/19, lr: [1.000]x1e-4, loss: [0.0050]
iter: [255200]/300000, epoch: [16]/19, lr: [1.000]x1e-4, loss: [0.0054]
iter: [255300]/300000, epoch: [16]/19, lr: [1.000]x1e-4, loss: [0.0051]
iter: [255400]/300000, epoch: [16]/19, lr: [1.000]x1e-4, loss: [0.0064]
iter: [255500]/300000, epoch: [16]/19, lr: [1.000]x1e-4, loss: [0.0042]
iter: [255600]/300000, epoch: [16]/19, lr: [1.000]x1e-4, loss: [0.0040]
iter: [255700]/300000, epoch: [16]/19, lr: [1.000]x1e-4, loss: [0.0063]
iter: [255800]/300000, epoch: [16]/19, lr: [1.000]x1e-4, loss: [0.0055]
iter: [255900]/300000, epoch: [16]/19, lr: [1.000]x1e-4, loss: [0.0036]
iter: [256000]/300000, epoch: [16]/19, lr: [1.000]x1e-4, loss: [0.0038]
iter: [256100]/300000, epoch: [16]/19, lr: [1.000]x1e-4, loss: [0.0047]
iter: [256200]/300000, epoch: [16]/19, lr: [1.000]x1e-4, loss: [0.0046]
iter: [256300]/300000, epoch: [16]/19, lr: [1.000]x1e-4, loss: [0.0038]
iter: [256400]/300000, epoch: [16]/19, lr: [1.000]x1e-4, loss: [0.0059]
iter: [256500]/300000, epoch: [16]/19, lr: [1.000]x1e-4, loss: [0.0051]
iter: [256600]/300000, epoch: [16]/19, lr: [1.000]x1e-4, loss: [0.0053]
iter: [256700]/300000, epoch: [16]/19, lr: [1.000]x1e-4, loss: [0.0046]
iter: [256800]/300000, epoch: [16]/19, lr: [1.000]x1e-4, loss: [0.0061]
iter: [256900]/300000, epoch: [16]/19, lr: [1.000]x1e-4, loss: [0.0064]
iter: [257000]/300000, epoch: [16]/19, lr: [1.000]x1e-4, loss: [0.0051]
iter: [257100]/300000, epoch: [16]/19, lr: [1.000]x1e-4, loss: [0.0040]
iter: [257200]/300000, epoch: [16]/19, lr: [1.000]x1e-4, loss: [0.0069]
iter: [257300]/300000, epoch: [16]/19, lr: [1.000]x1e-4, loss: [0.0042]
iter: [257400]/300000, epoch: [16]/19, lr: [1.000]x1e-4, loss: [0.0052]
iter: [257500]/300000, epoch: [16]/19, lr: [1.000]x1e-4, loss: [0.0038]
iter: [257600]/300000, epoch: [16]/19, lr: [1.000]x1e-4, loss: [0.0053]
iter: [257700]/300000, epoch: [16]/19, lr: [1.000]x1e-4, loss: [0.0048]
iter: [257800]/300000, epoch: [16]/19, lr: [1.000]x1e-4, loss: [0.0051]
iter: [257900]/300000, epoch: [16]/19, lr: [1.000]x1e-4, loss: [0.0060]
iter: [258000]/300000, epoch: [16]/19, lr: [1.000]x1e-4, loss: [0.0035]
iter: [258100]/300000, epoch: [16]/19, lr: [1.000]x1e-4, loss: [0.0048]
iter: [258200]/300000, epoch: [16]/19, lr: [1.000]x1e-4, loss: [0.0041]
iter: [258300]/300000, epoch: [16]/19, lr: [1.000]x1e-4, loss: [0.0045]
iter: [258400]/300000, epoch: [16]/19, lr: [1.000]x1e-4, loss: [0.0056]
iter: [258500]/300000, epoch: [16]/19, lr: [1.000]x1e-4, loss: [0.0070]
iter: [258600]/300000, epoch: [16]/19, lr: [1.000]x1e-4, loss: [0.0065]
iter: [258700]/300000, epoch: [16]/19, lr: [1.000]x1e-4, loss: [0.0035]
iter: [258800]/300000, epoch: [16]/19, lr: [1.000]x1e-4, loss: [0.0063]
iter: [258900]/300000, epoch: [16]/19, lr: [1.000]x1e-4, loss: [0.0061]
iter: [259000]/300000, epoch: [16]/19, lr: [1.000]x1e-4, loss: [0.0049]
iter: [259100]/300000, epoch: [16]/19, lr: [1.000]x1e-4, loss: [0.0052]
iter: [259200]/300000, epoch: [16]/19, lr: [1.000]x1e-4, loss: [0.0036]
iter: [259300]/300000, epoch: [16]/19, lr: [1.000]x1e-4, loss: [0.0032]
iter: [259400]/300000, epoch: [16]/19, lr: [1.000]x1e-4, loss: [0.0054]
iter: [259500]/300000, epoch: [16]/19, lr: [1.000]x1e-4, loss: [0.0042]
iter: [259600]/300000, epoch: [16]/19, lr: [1.000]x1e-4, loss: [0.0040]
iter: [259700]/300000, epoch: [16]/19, lr: [1.000]x1e-4, loss: [0.0045]
iter: [259800]/300000, epoch: [16]/19, lr: [1.000]x1e-4, loss: [0.0038]
iter: [259900]/300000, epoch: [16]/19, lr: [1.000]x1e-4, loss: [0.0051]
iter: [260000]/300000, epoch: [16]/19, lr: [1.000]x1e-4, loss: [0.0033]
> model saved at exp/STM_NM4_LDQP37_1920dataset_enlarge300x/ckp_260000.pt
> ave val per: [33.746] dB
iter: [260100]/300000, epoch: [16]/19, lr: [1.000]x1e-4, loss: [0.0043]
iter: [260200]/300000, epoch: [16]/19, lr: [1.000]x1e-4, loss: [0.0051]
iter: [260300]/300000, epoch: [16]/19, lr: [1.000]x1e-4, loss: [0.0030]
iter: [260400]/300000, epoch: [16]/19, lr: [1.000]x1e-4, loss: [0.0047]
iter: [260500]/300000, epoch: [16]/19, lr: [1.000]x1e-4, loss: [0.0064]
iter: [260600]/300000, epoch: [16]/19, lr: [1.000]x1e-4, loss: [0.0052]
iter: [260700]/300000, epoch: [16]/19, lr: [1.000]x1e-4, loss: [0.0053]
iter: [260800]/300000, epoch: [16]/19, lr: [1.000]x1e-4, loss: [0.0044]
iter: [260900]/300000, epoch: [16]/19, lr: [1.000]x1e-4, loss: [0.0057]
iter: [261000]/300000, epoch: [16]/19, lr: [1.000]x1e-4, loss: [0.0068]
iter: [261100]/300000, epoch: [16]/19, lr: [1.000]x1e-4, loss: [0.0053]
iter: [261200]/300000, epoch: [16]/19, lr: [1.000]x1e-4, loss: [0.0022]
iter: [261300]/300000, epoch: [16]/19, lr: [1.000]x1e-4, loss: [0.0048]
iter: [261400]/300000, epoch: [16]/19, lr: [1.000]x1e-4, loss: [0.0040]
iter: [261500]/300000, epoch: [16]/19, lr: [1.000]x1e-4, loss: [0.0036]
iter: [261600]/300000, epoch: [16]/19, lr: [1.000]x1e-4, loss: [0.0046]
iter: [261700]/300000, epoch: [16]/19, lr: [1.000]x1e-4, loss: [0.0050]
iter: [261800]/300000, epoch: [16]/19, lr: [1.000]x1e-4, loss: [0.0061]
iter: [261900]/300000, epoch: [16]/19, lr: [1.000]x1e-4, loss: [0.0060]
iter: [262000]/300000, epoch: [16]/19, lr: [1.000]x1e-4, loss: [0.0050]
iter: [262100]/300000, epoch: [16]/19, lr: [1.000]x1e-4, loss: [0.0053]
iter: [262200]/300000, epoch: [16]/19, lr: [1.000]x1e-4, loss: [0.0038]
iter: [262300]/300000, epoch: [16]/19, lr: [1.000]x1e-4, loss: [0.0043]
iter: [262400]/300000, epoch: [16]/19, lr: [1.000]x1e-4, loss: [0.0054]
iter: [262500]/300000, epoch: [16]/19, lr: [1.000]x1e-4, loss: [0.0061]
iter: [262600]/300000, epoch: [16]/19, lr: [1.000]x1e-4, loss: [0.0058]
iter: [262700]/300000, epoch: [16]/19, lr: [1.000]x1e-4, loss: [0.0073]
iter: [262800]/300000, epoch: [16]/19, lr: [1.000]x1e-4, loss: [0.0046]
iter: [262900]/300000, epoch: [16]/19, lr: [1.000]x1e-4, loss: [0.0074]
iter: [263000]/300000, epoch: [16]/19, lr: [1.000]x1e-4, loss: [0.0058]
iter: [263100]/300000, epoch: [16]/19, lr: [1.000]x1e-4, loss: [0.0061]
iter: [263200]/300000, epoch: [16]/19, lr: [1.000]x1e-4, loss: [0.0052]
iter: [263300]/300000, epoch: [16]/19, lr: [1.000]x1e-4, loss: [0.0034]
iter: [263400]/300000, epoch: [16]/19, lr: [1.000]x1e-4, loss: [0.0053]
iter: [263500]/300000, epoch: [16]/19, lr: [1.000]x1e-4, loss: [0.0037]
iter: [263600]/300000, epoch: [16]/19, lr: [1.000]x1e-4, loss: [0.0047]
iter: [263700]/300000, epoch: [16]/19, lr: [1.000]x1e-4, loss: [0.0042]
iter: [263800]/300000, epoch: [16]/19, lr: [1.000]x1e-4, loss: [0.0057]
iter: [263900]/300000, epoch: [16]/19, lr: [1.000]x1e-4, loss: [0.0051]
iter: [264000]/300000, epoch: [16]/19, lr: [1.000]x1e-4, loss: [0.0051]
iter: [264100]/300000, epoch: [16]/19, lr: [1.000]x1e-4, loss: [0.0063]
iter: [264200]/300000, epoch: [16]/19, lr: [1.000]x1e-4, loss: [0.0040]
iter: [264300]/300000, epoch: [16]/19, lr: [1.000]x1e-4, loss: [0.0030]
iter: [264400]/300000, epoch: [16]/19, lr: [1.000]x1e-4, loss: [0.0076]
iter: [264500]/300000, epoch: [16]/19, lr: [1.000]x1e-4, loss: [0.0032]
iter: [264600]/300000, epoch: [16]/19, lr: [1.000]x1e-4, loss: [0.0048]
iter: [264700]/300000, epoch: [16]/19, lr: [1.000]x1e-4, loss: [0.0040]
iter: [264800]/300000, epoch: [16]/19, lr: [1.000]x1e-4, loss: [0.0041]
iter: [264900]/300000, epoch: [16]/19, lr: [1.000]x1e-4, loss: [0.0080]
iter: [265000]/300000, epoch: [16]/19, lr: [1.000]x1e-4, loss: [0.0060]
> model saved at exp/STM_NM4_LDQP37_1920dataset_enlarge300x/ckp_265000.pt
> ave val per: [33.701] dB
iter: [265100]/300000, epoch: [16]/19, lr: [1.000]x1e-4, loss: [0.0044]
iter: [265200]/300000, epoch: [16]/19, lr: [1.000]x1e-4, loss: [0.0038]
iter: [265300]/300000, epoch: [16]/19, lr: [1.000]x1e-4, loss: [0.0041]
iter: [265400]/300000, epoch: [16]/19, lr: [1.000]x1e-4, loss: [0.0043]
iter: [265500]/300000, epoch: [16]/19, lr: [1.000]x1e-4, loss: [0.0045]
iter: [265600]/300000, epoch: [16]/19, lr: [1.000]x1e-4, loss: [0.0046]
iter: [265700]/300000, epoch: [16]/19, lr: [1.000]x1e-4, loss: [0.0065]
iter: [265800]/300000, epoch: [16]/19, lr: [1.000]x1e-4, loss: [0.0046]
iter: [265900]/300000, epoch: [16]/19, lr: [1.000]x1e-4, loss: [0.0038]
iter: [266000]/300000, epoch: [16]/19, lr: [1.000]x1e-4, loss: [0.0058]
iter: [266100]/300000, epoch: [16]/19, lr: [1.000]x1e-4, loss: [0.0042]
iter: [266200]/300000, epoch: [16]/19, lr: [1.000]x1e-4, loss: [0.0064]
iter: [266300]/300000, epoch: [16]/19, lr: [1.000]x1e-4, loss: [0.0056]
iter: [266400]/300000, epoch: [16]/19, lr: [1.000]x1e-4, loss: [0.0051]
iter: [266500]/300000, epoch: [16]/19, lr: [1.000]x1e-4, loss: [0.0049]
iter: [266600]/300000, epoch: [16]/19, lr: [1.000]x1e-4, loss: [0.0059]
iter: [266700]/300000, epoch: [16]/19, lr: [1.000]x1e-4, loss: [0.0066]
iter: [266800]/300000, epoch: [16]/19, lr: [1.000]x1e-4, loss: [0.0042]
iter: [266900]/300000, epoch: [16]/19, lr: [1.000]x1e-4, loss: [0.0051]
iter: [267000]/300000, epoch: [16]/19, lr: [1.000]x1e-4, loss: [0.0051]
iter: [267100]/300000, epoch: [16]/19, lr: [1.000]x1e-4, loss: [0.0054]
iter: [267200]/300000, epoch: [16]/19, lr: [1.000]x1e-4, loss: [0.0030]
iter: [267300]/300000, epoch: [16]/19, lr: [1.000]x1e-4, loss: [0.0035]
iter: [267400]/300000, epoch: [16]/19, lr: [1.000]x1e-4, loss: [0.0042]
iter: [267500]/300000, epoch: [16]/19, lr: [1.000]x1e-4, loss: [0.0048]
iter: [267600]/300000, epoch: [16]/19, lr: [1.000]x1e-4, loss: [0.0041]
iter: [267700]/300000, epoch: [16]/19, lr: [1.000]x1e-4, loss: [0.0035]
iter: [267800]/300000, epoch: [17]/19, lr: [1.000]x1e-4, loss: [0.0043]
iter: [267900]/300000, epoch: [17]/19, lr: [1.000]x1e-4, loss: [0.0047]
iter: [268000]/300000, epoch: [17]/19, lr: [1.000]x1e-4, loss: [0.0065]
iter: [268100]/300000, epoch: [17]/19, lr: [1.000]x1e-4, loss: [0.0040]
iter: [268200]/300000, epoch: [17]/19, lr: [1.000]x1e-4, loss: [0.0043]
iter: [268300]/300000, epoch: [17]/19, lr: [1.000]x1e-4, loss: [0.0052]
iter: [268400]/300000, epoch: [17]/19, lr: [1.000]x1e-4, loss: [0.0040]
iter: [268500]/300000, epoch: [17]/19, lr: [1.000]x1e-4, loss: [0.0039]
iter: [268600]/300000, epoch: [17]/19, lr: [1.000]x1e-4, loss: [0.0048]
iter: [268700]/300000, epoch: [17]/19, lr: [1.000]x1e-4, loss: [0.0048]
iter: [268800]/300000, epoch: [17]/19, lr: [1.000]x1e-4, loss: [0.0061]
iter: [268900]/300000, epoch: [17]/19, lr: [1.000]x1e-4, loss: [0.0046]
iter: [269000]/300000, epoch: [17]/19, lr: [1.000]x1e-4, loss: [0.0051]
iter: [269100]/300000, epoch: [17]/19, lr: [1.000]x1e-4, loss: [0.0046]
iter: [269200]/300000, epoch: [17]/19, lr: [1.000]x1e-4, loss: [0.0054]
iter: [269300]/300000, epoch: [17]/19, lr: [1.000]x1e-4, loss: [0.0054]
iter: [269400]/300000, epoch: [17]/19, lr: [1.000]x1e-4, loss: [0.0058]
iter: [269500]/300000, epoch: [17]/19, lr: [1.000]x1e-4, loss: [0.0058]
iter: [269600]/300000, epoch: [17]/19, lr: [1.000]x1e-4, loss: [0.0046]
iter: [269700]/300000, epoch: [17]/19, lr: [1.000]x1e-4, loss: [0.0040]
iter: [269800]/300000, epoch: [17]/19, lr: [1.000]x1e-4, loss: [0.0056]
iter: [269900]/300000, epoch: [17]/19, lr: [1.000]x1e-4, loss: [0.0044]
iter: [270000]/300000, epoch: [17]/19, lr: [1.000]x1e-4, loss: [0.0052]
> model saved at exp/STM_NM4_LDQP37_1920dataset_enlarge300x/ckp_270000.pt
> ave val per: [33.737] dB
iter: [270100]/300000, epoch: [17]/19, lr: [1.000]x1e-4, loss: [0.0064]
iter: [270200]/300000, epoch: [17]/19, lr: [1.000]x1e-4, loss: [0.0038]
iter: [270300]/300000, epoch: [17]/19, lr: [1.000]x1e-4, loss: [0.0043]
iter: [270400]/300000, epoch: [17]/19, lr: [1.000]x1e-4, loss: [0.0057]
iter: [270500]/300000, epoch: [17]/19, lr: [1.000]x1e-4, loss: [0.0066]
iter: [270600]/300000, epoch: [17]/19, lr: [1.000]x1e-4, loss: [0.0047]
iter: [270700]/300000, epoch: [17]/19, lr: [1.000]x1e-4, loss: [0.0044]
iter: [270800]/300000, epoch: [17]/19, lr: [1.000]x1e-4, loss: [0.0033]
iter: [270900]/300000, epoch: [17]/19, lr: [1.000]x1e-4, loss: [0.0044]
iter: [271000]/300000, epoch: [17]/19, lr: [1.000]x1e-4, loss: [0.0059]
iter: [271100]/300000, epoch: [17]/19, lr: [1.000]x1e-4, loss: [0.0060]
iter: [271200]/300000, epoch: [17]/19, lr: [1.000]x1e-4, loss: [0.0046]
iter: [271300]/300000, epoch: [17]/19, lr: [1.000]x1e-4, loss: [0.0049]
iter: [271400]/300000, epoch: [17]/19, lr: [1.000]x1e-4, loss: [0.0042]
iter: [271500]/300000, epoch: [17]/19, lr: [1.000]x1e-4, loss: [0.0052]
iter: [271600]/300000, epoch: [17]/19, lr: [1.000]x1e-4, loss: [0.0048]
iter: [271700]/300000, epoch: [17]/19, lr: [1.000]x1e-4, loss: [0.0046]
iter: [271800]/300000, epoch: [17]/19, lr: [1.000]x1e-4, loss: [0.0052]
iter: [271900]/300000, epoch: [17]/19, lr: [1.000]x1e-4, loss: [0.0037]
iter: [272000]/300000, epoch: [17]/19, lr: [1.000]x1e-4, loss: [0.0027]
iter: [272100]/300000, epoch: [17]/19, lr: [1.000]x1e-4, loss: [0.0046]
iter: [272200]/300000, epoch: [17]/19, lr: [1.000]x1e-4, loss: [0.0052]
iter: [272300]/300000, epoch: [17]/19, lr: [1.000]x1e-4, loss: [0.0051]
iter: [272400]/300000, epoch: [17]/19, lr: [1.000]x1e-4, loss: [0.0034]
iter: [272500]/300000, epoch: [17]/19, lr: [1.000]x1e-4, loss: [0.0044]
iter: [272600]/300000, epoch: [17]/19, lr: [1.000]x1e-4, loss: [0.0083]
iter: [272700]/300000, epoch: [17]/19, lr: [1.000]x1e-4, loss: [0.0062]
iter: [272800]/300000, epoch: [17]/19, lr: [1.000]x1e-4, loss: [0.0044]
iter: [272900]/300000, epoch: [17]/19, lr: [1.000]x1e-4, loss: [0.0055]
iter: [273000]/300000, epoch: [17]/19, lr: [1.000]x1e-4, loss: [0.0048]
iter: [273100]/300000, epoch: [17]/19, lr: [1.000]x1e-4, loss: [0.0072]
iter: [273200]/300000, epoch: [17]/19, lr: [1.000]x1e-4, loss: [0.0038]
iter: [273300]/300000, epoch: [17]/19, lr: [1.000]x1e-4, loss: [0.0048]
iter: [273400]/300000, epoch: [17]/19, lr: [1.000]x1e-4, loss: [0.0032]
iter: [273500]/300000, epoch: [17]/19, lr: [1.000]x1e-4, loss: [0.0057]
iter: [273600]/300000, epoch: [17]/19, lr: [1.000]x1e-4, loss: [0.0031]
iter: [273700]/300000, epoch: [17]/19, lr: [1.000]x1e-4, loss: [0.0039]
iter: [273800]/300000, epoch: [17]/19, lr: [1.000]x1e-4, loss: [0.0055]
iter: [273900]/300000, epoch: [17]/19, lr: [1.000]x1e-4, loss: [0.0040]
iter: [274000]/300000, epoch: [17]/19, lr: [1.000]x1e-4, loss: [0.0057]
iter: [274100]/300000, epoch: [17]/19, lr: [1.000]x1e-4, loss: [0.0038]
iter: [274200]/300000, epoch: [17]/19, lr: [1.000]x1e-4, loss: [0.0035]
iter: [274300]/300000, epoch: [17]/19, lr: [1.000]x1e-4, loss: [0.0039]
iter: [274400]/300000, epoch: [17]/19, lr: [1.000]x1e-4, loss: [0.0040]
iter: [274500]/300000, epoch: [17]/19, lr: [1.000]x1e-4, loss: [0.0049]
iter: [274600]/300000, epoch: [17]/19, lr: [1.000]x1e-4, loss: [0.0037]
iter: [274700]/300000, epoch: [17]/19, lr: [1.000]x1e-4, loss: [0.0039]
iter: [274800]/300000, epoch: [17]/19, lr: [1.000]x1e-4, loss: [0.0035]
iter: [274900]/300000, epoch: [17]/19, lr: [1.000]x1e-4, loss: [0.0051]
iter: [275000]/300000, epoch: [17]/19, lr: [1.000]x1e-4, loss: [0.0053]
> model saved at exp/STM_NM4_LDQP37_1920dataset_enlarge300x/ckp_275000.pt
> ave val per: [33.694] dB
iter: [275100]/300000, epoch: [17]/19, lr: [1.000]x1e-4, loss: [0.0049]
iter: [275200]/300000, epoch: [17]/19, lr: [1.000]x1e-4, loss: [0.0039]
iter: [275300]/300000, epoch: [17]/19, lr: [1.000]x1e-4, loss: [0.0038]
iter: [275400]/300000, epoch: [17]/19, lr: [1.000]x1e-4, loss: [0.0030]
iter: [275500]/300000, epoch: [17]/19, lr: [1.000]x1e-4, loss: [0.0060]
iter: [275600]/300000, epoch: [17]/19, lr: [1.000]x1e-4, loss: [0.0048]
iter: [275700]/300000, epoch: [17]/19, lr: [1.000]x1e-4, loss: [0.0056]
iter: [275800]/300000, epoch: [17]/19, lr: [1.000]x1e-4, loss: [0.0035]
iter: [275900]/300000, epoch: [17]/19, lr: [1.000]x1e-4, loss: [0.0049]
iter: [276000]/300000, epoch: [17]/19, lr: [1.000]x1e-4, loss: [0.0039]
iter: [276100]/300000, epoch: [17]/19, lr: [1.000]x1e-4, loss: [0.0034]
iter: [276200]/300000, epoch: [17]/19, lr: [1.000]x1e-4, loss: [0.0054]
iter: [276300]/300000, epoch: [17]/19, lr: [1.000]x1e-4, loss: [0.0049]
iter: [276400]/300000, epoch: [17]/19, lr: [1.000]x1e-4, loss: [0.0037]
iter: [276500]/300000, epoch: [17]/19, lr: [1.000]x1e-4, loss: [0.0045]
iter: [276600]/300000, epoch: [17]/19, lr: [1.000]x1e-4, loss: [0.0048]
iter: [276700]/300000, epoch: [17]/19, lr: [1.000]x1e-4, loss: [0.0058]
iter: [276800]/300000, epoch: [17]/19, lr: [1.000]x1e-4, loss: [0.0059]
iter: [276900]/300000, epoch: [17]/19, lr: [1.000]x1e-4, loss: [0.0034]
iter: [277000]/300000, epoch: [17]/19, lr: [1.000]x1e-4, loss: [0.0056]
iter: [277100]/300000, epoch: [17]/19, lr: [1.000]x1e-4, loss: [0.0053]
iter: [277200]/300000, epoch: [17]/19, lr: [1.000]x1e-4, loss: [0.0064]
iter: [277300]/300000, epoch: [17]/19, lr: [1.000]x1e-4, loss: [0.0055]
iter: [277400]/300000, epoch: [17]/19, lr: [1.000]x1e-4, loss: [0.0059]
iter: [277500]/300000, epoch: [17]/19, lr: [1.000]x1e-4, loss: [0.0063]
iter: [277600]/300000, epoch: [17]/19, lr: [1.000]x1e-4, loss: [0.0039]
iter: [277700]/300000, epoch: [17]/19, lr: [1.000]x1e-4, loss: [0.0045]
iter: [277800]/300000, epoch: [17]/19, lr: [1.000]x1e-4, loss: [0.0053]
iter: [277900]/300000, epoch: [17]/19, lr: [1.000]x1e-4, loss: [0.0049]
iter: [278000]/300000, epoch: [17]/19, lr: [1.000]x1e-4, loss: [0.0037]
iter: [278100]/300000, epoch: [17]/19, lr: [1.000]x1e-4, loss: [0.0049]
iter: [278200]/300000, epoch: [17]/19, lr: [1.000]x1e-4, loss: [0.0053]
iter: [278300]/300000, epoch: [17]/19, lr: [1.000]x1e-4, loss: [0.0054]
iter: [278400]/300000, epoch: [17]/19, lr: [1.000]x1e-4, loss: [0.0050]
iter: [278500]/300000, epoch: [17]/19, lr: [1.000]x1e-4, loss: [0.0058]
iter: [278600]/300000, epoch: [17]/19, lr: [1.000]x1e-4, loss: [0.0049]
iter: [278700]/300000, epoch: [17]/19, lr: [1.000]x1e-4, loss: [0.0049]
iter: [278800]/300000, epoch: [17]/19, lr: [1.000]x1e-4, loss: [0.0050]
iter: [278900]/300000, epoch: [17]/19, lr: [1.000]x1e-4, loss: [0.0048]
iter: [279000]/300000, epoch: [17]/19, lr: [1.000]x1e-4, loss: [0.0045]
iter: [279100]/300000, epoch: [17]/19, lr: [1.000]x1e-4, loss: [0.0049]
iter: [279200]/300000, epoch: [17]/19, lr: [1.000]x1e-4, loss: [0.0056]
iter: [279300]/300000, epoch: [17]/19, lr: [1.000]x1e-4, loss: [0.0038]
iter: [279400]/300000, epoch: [17]/19, lr: [1.000]x1e-4, loss: [0.0033]
iter: [279500]/300000, epoch: [17]/19, lr: [1.000]x1e-4, loss: [0.0048]
iter: [279600]/300000, epoch: [17]/19, lr: [1.000]x1e-4, loss: [0.0034]
iter: [279700]/300000, epoch: [17]/19, lr: [1.000]x1e-4, loss: [0.0056]
iter: [279800]/300000, epoch: [17]/19, lr: [1.000]x1e-4, loss: [0.0036]
iter: [279900]/300000, epoch: [17]/19, lr: [1.000]x1e-4, loss: [0.0050]
iter: [280000]/300000, epoch: [17]/19, lr: [1.000]x1e-4, loss: [0.0076]
> model saved at exp/STM_NM4_LDQP37_1920dataset_enlarge300x/ckp_280000.pt
> ave val per: [33.728] dB
iter: [280100]/300000, epoch: [17]/19, lr: [1.000]x1e-4, loss: [0.0034]
iter: [280200]/300000, epoch: [17]/19, lr: [1.000]x1e-4, loss: [0.0041]
iter: [280300]/300000, epoch: [17]/19, lr: [1.000]x1e-4, loss: [0.0043]
iter: [280400]/300000, epoch: [17]/19, lr: [1.000]x1e-4, loss: [0.0056]
iter: [280500]/300000, epoch: [17]/19, lr: [1.000]x1e-4, loss: [0.0049]
iter: [280600]/300000, epoch: [17]/19, lr: [1.000]x1e-4, loss: [0.0061]
iter: [280700]/300000, epoch: [17]/19, lr: [1.000]x1e-4, loss: [0.0060]
iter: [280800]/300000, epoch: [17]/19, lr: [1.000]x1e-4, loss: [0.0053]
iter: [280900]/300000, epoch: [17]/19, lr: [1.000]x1e-4, loss: [0.0079]
iter: [281000]/300000, epoch: [17]/19, lr: [1.000]x1e-4, loss: [0.0041]
iter: [281100]/300000, epoch: [17]/19, lr: [1.000]x1e-4, loss: [0.0056]
iter: [281200]/300000, epoch: [17]/19, lr: [1.000]x1e-4, loss: [0.0075]
iter: [281300]/300000, epoch: [17]/19, lr: [1.000]x1e-4, loss: [0.0063]
iter: [281400]/300000, epoch: [17]/19, lr: [1.000]x1e-4, loss: [0.0034]
iter: [281500]/300000, epoch: [17]/19, lr: [1.000]x1e-4, loss: [0.0051]
iter: [281600]/300000, epoch: [17]/19, lr: [1.000]x1e-4, loss: [0.0036]
iter: [281700]/300000, epoch: [17]/19, lr: [1.000]x1e-4, loss: [0.0050]
iter: [281800]/300000, epoch: [17]/19, lr: [1.000]x1e-4, loss: [0.0044]
iter: [281900]/300000, epoch: [17]/19, lr: [1.000]x1e-4, loss: [0.0051]
iter: [282000]/300000, epoch: [17]/19, lr: [1.000]x1e-4, loss: [0.0045]
iter: [282100]/300000, epoch: [17]/19, lr: [1.000]x1e-4, loss: [0.0032]
iter: [282200]/300000, epoch: [17]/19, lr: [1.000]x1e-4, loss: [0.0025]
iter: [282300]/300000, epoch: [17]/19, lr: [1.000]x1e-4, loss: [0.0036]
iter: [282400]/300000, epoch: [17]/19, lr: [1.000]x1e-4, loss: [0.0054]
iter: [282500]/300000, epoch: [17]/19, lr: [1.000]x1e-4, loss: [0.0036]
iter: [282600]/300000, epoch: [17]/19, lr: [1.000]x1e-4, loss: [0.0045]
iter: [282700]/300000, epoch: [17]/19, lr: [1.000]x1e-4, loss: [0.0028]
iter: [282800]/300000, epoch: [17]/19, lr: [1.000]x1e-4, loss: [0.0075]
iter: [282900]/300000, epoch: [17]/19, lr: [1.000]x1e-4, loss: [0.0043]
iter: [283000]/300000, epoch: [17]/19, lr: [1.000]x1e-4, loss: [0.0054]
iter: [283100]/300000, epoch: [17]/19, lr: [1.000]x1e-4, loss: [0.0044]
iter: [283200]/300000, epoch: [17]/19, lr: [1.000]x1e-4, loss: [0.0049]
iter: [283300]/300000, epoch: [17]/19, lr: [1.000]x1e-4, loss: [0.0043]
iter: [283400]/300000, epoch: [17]/19, lr: [1.000]x1e-4, loss: [0.0048]
iter: [283500]/300000, epoch: [17]/19, lr: [1.000]x1e-4, loss: [0.0049]
iter: [283600]/300000, epoch: [18]/19, lr: [1.000]x1e-4, loss: [0.0049]
iter: [283700]/300000, epoch: [18]/19, lr: [1.000]x1e-4, loss: [0.0040]
iter: [283800]/300000, epoch: [18]/19, lr: [1.000]x1e-4, loss: [0.0042]
iter: [283900]/300000, epoch: [18]/19, lr: [1.000]x1e-4, loss: [0.0057]
iter: [284000]/300000, epoch: [18]/19, lr: [1.000]x1e-4, loss: [0.0044]
iter: [284100]/300000, epoch: [18]/19, lr: [1.000]x1e-4, loss: [0.0046]
iter: [284200]/300000, epoch: [18]/19, lr: [1.000]x1e-4, loss: [0.0043]
iter: [284300]/300000, epoch: [18]/19, lr: [1.000]x1e-4, loss: [0.0039]
iter: [284400]/300000, epoch: [18]/19, lr: [1.000]x1e-4, loss: [0.0085]
iter: [284500]/300000, epoch: [18]/19, lr: [1.000]x1e-4, loss: [0.0043]
iter: [284600]/300000, epoch: [18]/19, lr: [1.000]x1e-4, loss: [0.0044]
iter: [284700]/300000, epoch: [18]/19, lr: [1.000]x1e-4, loss: [0.0046]
iter: [284800]/300000, epoch: [18]/19, lr: [1.000]x1e-4, loss: [0.0045]
iter: [284900]/300000, epoch: [18]/19, lr: [1.000]x1e-4, loss: [0.0057]
iter: [285000]/300000, epoch: [18]/19, lr: [1.000]x1e-4, loss: [0.0051]
> model saved at exp/STM_NM4_LDQP37_1920dataset_enlarge300x/ckp_285000.pt
> ave val per: [33.734] dB
iter: [285100]/300000, epoch: [18]/19, lr: [1.000]x1e-4, loss: [0.0056]
iter: [285200]/300000, epoch: [18]/19, lr: [1.000]x1e-4, loss: [0.0054]
iter: [285300]/300000, epoch: [18]/19, lr: [1.000]x1e-4, loss: [0.0067]
iter: [285400]/300000, epoch: [18]/19, lr: [1.000]x1e-4, loss: [0.0063]
iter: [285500]/300000, epoch: [18]/19, lr: [1.000]x1e-4, loss: [0.0064]
iter: [285600]/300000, epoch: [18]/19, lr: [1.000]x1e-4, loss: [0.0059]
iter: [285700]/300000, epoch: [18]/19, lr: [1.000]x1e-4, loss: [0.0048]
iter: [285800]/300000, epoch: [18]/19, lr: [1.000]x1e-4, loss: [0.0059]
iter: [285900]/300000, epoch: [18]/19, lr: [1.000]x1e-4, loss: [0.0046]
iter: [286000]/300000, epoch: [18]/19, lr: [1.000]x1e-4, loss: [0.0057]
iter: [286100]/300000, epoch: [18]/19, lr: [1.000]x1e-4, loss: [0.0042]
iter: [286200]/300000, epoch: [18]/19, lr: [1.000]x1e-4, loss: [0.0070]
iter: [286300]/300000, epoch: [18]/19, lr: [1.000]x1e-4, loss: [0.0045]
iter: [286400]/300000, epoch: [18]/19, lr: [1.000]x1e-4, loss: [0.0058]
iter: [286500]/300000, epoch: [18]/19, lr: [1.000]x1e-4, loss: [0.0058]
iter: [286600]/300000, epoch: [18]/19, lr: [1.000]x1e-4, loss: [0.0046]
iter: [286700]/300000, epoch: [18]/19, lr: [1.000]x1e-4, loss: [0.0038]
iter: [286800]/300000, epoch: [18]/19, lr: [1.000]x1e-4, loss: [0.0046]
iter: [286900]/300000, epoch: [18]/19, lr: [1.000]x1e-4, loss: [0.0054]
iter: [287000]/300000, epoch: [18]/19, lr: [1.000]x1e-4, loss: [0.0045]
iter: [287100]/300000, epoch: [18]/19, lr: [1.000]x1e-4, loss: [0.0057]
iter: [287200]/300000, epoch: [18]/19, lr: [1.000]x1e-4, loss: [0.0033]
iter: [287300]/300000, epoch: [18]/19, lr: [1.000]x1e-4, loss: [0.0041]
iter: [287400]/300000, epoch: [18]/19, lr: [1.000]x1e-4, loss: [0.0044]
iter: [287500]/300000, epoch: [18]/19, lr: [1.000]x1e-4, loss: [0.0044]
iter: [287600]/300000, epoch: [18]/19, lr: [1.000]x1e-4, loss: [0.0034]
iter: [287700]/300000, epoch: [18]/19, lr: [1.000]x1e-4, loss: [0.0039]
iter: [287800]/300000, epoch: [18]/19, lr: [1.000]x1e-4, loss: [0.0034]
iter: [287900]/300000, epoch: [18]/19, lr: [1.000]x1e-4, loss: [0.0038]
iter: [288000]/300000, epoch: [18]/19, lr: [1.000]x1e-4, loss: [0.0038]
iter: [288100]/300000, epoch: [18]/19, lr: [1.000]x1e-4, loss: [0.0052]
iter: [288200]/300000, epoch: [18]/19, lr: [1.000]x1e-4, loss: [0.0043]
iter: [288300]/300000, epoch: [18]/19, lr: [1.000]x1e-4, loss: [0.0066]
iter: [288400]/300000, epoch: [18]/19, lr: [1.000]x1e-4, loss: [0.0049]
iter: [288500]/300000, epoch: [18]/19, lr: [1.000]x1e-4, loss: [0.0046]
iter: [288600]/300000, epoch: [18]/19, lr: [1.000]x1e-4, loss: [0.0034]
iter: [288700]/300000, epoch: [18]/19, lr: [1.000]x1e-4, loss: [0.0046]
iter: [288800]/300000, epoch: [18]/19, lr: [1.000]x1e-4, loss: [0.0035]
iter: [288900]/300000, epoch: [18]/19, lr: [1.000]x1e-4, loss: [0.0042]
iter: [289000]/300000, epoch: [18]/19, lr: [1.000]x1e-4, loss: [0.0054]
iter: [289100]/300000, epoch: [18]/19, lr: [1.000]x1e-4, loss: [0.0068]
iter: [289200]/300000, epoch: [18]/19, lr: [1.000]x1e-4, loss: [0.0046]
iter: [289300]/300000, epoch: [18]/19, lr: [1.000]x1e-4, loss: [0.0049]
iter: [289400]/300000, epoch: [18]/19, lr: [1.000]x1e-4, loss: [0.0050]
iter: [289500]/300000, epoch: [18]/19, lr: [1.000]x1e-4, loss: [0.0054]
iter: [289600]/300000, epoch: [18]/19, lr: [1.000]x1e-4, loss: [0.0050]
iter: [289700]/300000, epoch: [18]/19, lr: [1.000]x1e-4, loss: [0.0053]
iter: [289800]/300000, epoch: [18]/19, lr: [1.000]x1e-4, loss: [0.0044]
iter: [289900]/300000, epoch: [18]/19, lr: [1.000]x1e-4, loss: [0.0030]
iter: [290000]/300000, epoch: [18]/19, lr: [1.000]x1e-4, loss: [0.0046]
> model saved at exp/STM_NM4_LDQP37_1920dataset_enlarge300x/ckp_290000.pt
> ave val per: [33.744] dB
iter: [290100]/300000, epoch: [18]/19, lr: [1.000]x1e-4, loss: [0.0046]
iter: [290200]/300000, epoch: [18]/19, lr: [1.000]x1e-4, loss: [0.0036]
iter: [290300]/300000, epoch: [18]/19, lr: [1.000]x1e-4, loss: [0.0063]
iter: [290400]/300000, epoch: [18]/19, lr: [1.000]x1e-4, loss: [0.0026]
iter: [290500]/300000, epoch: [18]/19, lr: [1.000]x1e-4, loss: [0.0044]
iter: [290600]/300000, epoch: [18]/19, lr: [1.000]x1e-4, loss: [0.0043]
iter: [290700]/300000, epoch: [18]/19, lr: [1.000]x1e-4, loss: [0.0047]
iter: [290800]/300000, epoch: [18]/19, lr: [1.000]x1e-4, loss: [0.0051]
iter: [290900]/300000, epoch: [18]/19, lr: [1.000]x1e-4, loss: [0.0040]
iter: [291000]/300000, epoch: [18]/19, lr: [1.000]x1e-4, loss: [0.0054]
iter: [291100]/300000, epoch: [18]/19, lr: [1.000]x1e-4, loss: [0.0049]
iter: [291200]/300000, epoch: [18]/19, lr: [1.000]x1e-4, loss: [0.0049]
iter: [291300]/300000, epoch: [18]/19, lr: [1.000]x1e-4, loss: [0.0056]
iter: [291400]/300000, epoch: [18]/19, lr: [1.000]x1e-4, loss: [0.0043]
iter: [291500]/300000, epoch: [18]/19, lr: [1.000]x1e-4, loss: [0.0048]
iter: [291600]/300000, epoch: [18]/19, lr: [1.000]x1e-4, loss: [0.0034]
iter: [291700]/300000, epoch: [18]/19, lr: [1.000]x1e-4, loss: [0.0029]
iter: [291800]/300000, epoch: [18]/19, lr: [1.000]x1e-4, loss: [0.0053]
iter: [291900]/300000, epoch: [18]/19, lr: [1.000]x1e-4, loss: [0.0070]
iter: [292000]/300000, epoch: [18]/19, lr: [1.000]x1e-4, loss: [0.0061]
iter: [292100]/300000, epoch: [18]/19, lr: [1.000]x1e-4, loss: [0.0060]
iter: [292200]/300000, epoch: [18]/19, lr: [1.000]x1e-4, loss: [0.0038]
iter: [292300]/300000, epoch: [18]/19, lr: [1.000]x1e-4, loss: [0.0053]
iter: [292400]/300000, epoch: [18]/19, lr: [1.000]x1e-4, loss: [0.0049]
iter: [292500]/300000, epoch: [18]/19, lr: [1.000]x1e-4, loss: [0.0044]
iter: [292600]/300000, epoch: [18]/19, lr: [1.000]x1e-4, loss: [0.0035]
iter: [292700]/300000, epoch: [18]/19, lr: [1.000]x1e-4, loss: [0.0038]
iter: [292800]/300000, epoch: [18]/19, lr: [1.000]x1e-4, loss: [0.0028]
iter: [292900]/300000, epoch: [18]/19, lr: [1.000]x1e-4, loss: [0.0057]
iter: [293000]/300000, epoch: [18]/19, lr: [1.000]x1e-4, loss: [0.0043]
iter: [293100]/300000, epoch: [18]/19, lr: [1.000]x1e-4, loss: [0.0042]
iter: [293200]/300000, epoch: [18]/19, lr: [1.000]x1e-4, loss: [0.0064]
iter: [293300]/300000, epoch: [18]/19, lr: [1.000]x1e-4, loss: [0.0033]
iter: [293400]/300000, epoch: [18]/19, lr: [1.000]x1e-4, loss: [0.0030]
iter: [293500]/300000, epoch: [18]/19, lr: [1.000]x1e-4, loss: [0.0029]
iter: [293600]/300000, epoch: [18]/19, lr: [1.000]x1e-4, loss: [0.0069]
iter: [293700]/300000, epoch: [18]/19, lr: [1.000]x1e-4, loss: [0.0054]
iter: [293800]/300000, epoch: [18]/19, lr: [1.000]x1e-4, loss: [0.0023]
iter: [293900]/300000, epoch: [18]/19, lr: [1.000]x1e-4, loss: [0.0052]
iter: [294000]/300000, epoch: [18]/19, lr: [1.000]x1e-4, loss: [0.0033]
iter: [294100]/300000, epoch: [18]/19, lr: [1.000]x1e-4, loss: [0.0040]
iter: [294200]/300000, epoch: [18]/19, lr: [1.000]x1e-4, loss: [0.0051]
iter: [294300]/300000, epoch: [18]/19, lr: [1.000]x1e-4, loss: [0.0049]
iter: [294400]/300000, epoch: [18]/19, lr: [1.000]x1e-4, loss: [0.0048]
iter: [294500]/300000, epoch: [18]/19, lr: [1.000]x1e-4, loss: [0.0059]
iter: [294600]/300000, epoch: [18]/19, lr: [1.000]x1e-4, loss: [0.0056]
iter: [294700]/300000, epoch: [18]/19, lr: [1.000]x1e-4, loss: [0.0069]
iter: [294800]/300000, epoch: [18]/19, lr: [1.000]x1e-4, loss: [0.0037]
iter: [294900]/300000, epoch: [18]/19, lr: [1.000]x1e-4, loss: [0.0037]
iter: [295000]/300000, epoch: [18]/19, lr: [1.000]x1e-4, loss: [0.0045]
> model saved at exp/STM_NM4_LDQP37_1920dataset_enlarge300x/ckp_295000.pt
> ave val per: [33.743] dB
iter: [295100]/300000, epoch: [18]/19, lr: [1.000]x1e-4, loss: [0.0037]
iter: [295200]/300000, epoch: [18]/19, lr: [1.000]x1e-4, loss: [0.0024]
iter: [295300]/300000, epoch: [18]/19, lr: [1.000]x1e-4, loss: [0.0029]
iter: [295400]/300000, epoch: [18]/19, lr: [1.000]x1e-4, loss: [0.0059]
iter: [295500]/300000, epoch: [18]/19, lr: [1.000]x1e-4, loss: [0.0041]
iter: [295600]/300000, epoch: [18]/19, lr: [1.000]x1e-4, loss: [0.0049]
iter: [295700]/300000, epoch: [18]/19, lr: [1.000]x1e-4, loss: [0.0039]
iter: [295800]/300000, epoch: [18]/19, lr: [1.000]x1e-4, loss: [0.0048]
iter: [295900]/300000, epoch: [18]/19, lr: [1.000]x1e-4, loss: [0.0038]
iter: [296000]/300000, epoch: [18]/19, lr: [1.000]x1e-4, loss: [0.0032]
iter: [296100]/300000, epoch: [18]/19, lr: [1.000]x1e-4, loss: [0.0041]
iter: [296200]/300000, epoch: [18]/19, lr: [1.000]x1e-4, loss: [0.0046]
iter: [296300]/300000, epoch: [18]/19, lr: [1.000]x1e-4, loss: [0.0031]
iter: [296400]/300000, epoch: [18]/19, lr: [1.000]x1e-4, loss: [0.0050]
iter: [296500]/300000, epoch: [18]/19, lr: [1.000]x1e-4, loss: [0.0061]
iter: [296600]/300000, epoch: [18]/19, lr: [1.000]x1e-4, loss: [0.0069]
iter: [296700]/300000, epoch: [18]/19, lr: [1.000]x1e-4, loss: [0.0045]
iter: [296800]/300000, epoch: [18]/19, lr: [1.000]x1e-4, loss: [0.0049]
iter: [296900]/300000, epoch: [18]/19, lr: [1.000]x1e-4, loss: [0.0032]
iter: [297000]/300000, epoch: [18]/19, lr: [1.000]x1e-4, loss: [0.0034]
iter: [297100]/300000, epoch: [18]/19, lr: [1.000]x1e-4, loss: [0.0044]
iter: [297200]/300000, epoch: [18]/19, lr: [1.000]x1e-4, loss: [0.0055]
iter: [297300]/300000, epoch: [18]/19, lr: [1.000]x1e-4, loss: [0.0040]
iter: [297400]/300000, epoch: [18]/19, lr: [1.000]x1e-4, loss: [0.0051]
iter: [297500]/300000, epoch: [18]/19, lr: [1.000]x1e-4, loss: [0.0051]
iter: [297600]/300000, epoch: [18]/19, lr: [1.000]x1e-4, loss: [0.0045]
iter: [297700]/300000, epoch: [18]/19, lr: [1.000]x1e-4, loss: [0.0028]
iter: [297800]/300000, epoch: [18]/19, lr: [1.000]x1e-4, loss: [0.0029]
iter: [297900]/300000, epoch: [18]/19, lr: [1.000]x1e-4, loss: [0.0044]
iter: [298000]/300000, epoch: [18]/19, lr: [1.000]x1e-4, loss: [0.0055]
iter: [298100]/300000, epoch: [18]/19, lr: [1.000]x1e-4, loss: [0.0049]
iter: [298200]/300000, epoch: [18]/19, lr: [1.000]x1e-4, loss: [0.0046]
iter: [298300]/300000, epoch: [18]/19, lr: [1.000]x1e-4, loss: [0.0040]
iter: [298400]/300000, epoch: [18]/19, lr: [1.000]x1e-4, loss: [0.0046]
iter: [298500]/300000, epoch: [18]/19, lr: [1.000]x1e-4, loss: [0.0056]
iter: [298600]/300000, epoch: [18]/19, lr: [1.000]x1e-4, loss: [0.0046]
iter: [298700]/300000, epoch: [18]/19, lr: [1.000]x1e-4, loss: [0.0064]
iter: [298800]/300000, epoch: [18]/19, lr: [1.000]x1e-4, loss: [0.0054]
iter: [298900]/300000, epoch: [18]/19, lr: [1.000]x1e-4, loss: [0.0039]
iter: [299000]/300000, epoch: [18]/19, lr: [1.000]x1e-4, loss: [0.0044]
iter: [299100]/300000, epoch: [18]/19, lr: [1.000]x1e-4, loss: [0.0042]
iter: [299200]/300000, epoch: [18]/19, lr: [1.000]x1e-4, loss: [0.0053]
iter: [299300]/300000, epoch: [19]/19, lr: [1.000]x1e-4, loss: [0.0054]
iter: [299400]/300000, epoch: [19]/19, lr: [1.000]x1e-4, loss: [0.0046]
iter: [299500]/300000, epoch: [19]/19, lr: [1.000]x1e-4, loss: [0.0040]
iter: [299600]/300000, epoch: [19]/19, lr: [1.000]x1e-4, loss: [0.0044]
iter: [299700]/300000, epoch: [19]/19, lr: [1.000]x1e-4, loss: [0.0056]
iter: [299800]/300000, epoch: [19]/19, lr: [1.000]x1e-4, loss: [0.0043]
iter: [299900]/300000, epoch: [19]/19, lr: [1.000]x1e-4, loss: [0.0044]
iter: [300000]/300000, epoch: [19]/19, lr: [1.000]x1e-4, loss: [0.0051]
> model saved at exp/STM_NM4_LDQP37_1920dataset_enlarge300x/ckp_300000.pt
> ave val per: [33.766] dB
TOTAL TIME: [31.2] h

<<<<<<<<<< Goodbye >>>>>>>>>>
Timestamp: [20250510_080820]
